index,D_0__Archaea;D_1__Euryarchaeota,D_0__Archaea;D_1__Nanoarchaeaeota,D_0__Archaea;D_1__Thaumarchaeota,D_0__Bacteria;D_1__Acidobacteria,D_0__Bacteria;D_1__Actinobacteria,D_0__Bacteria;D_1__Armatimonadetes,D_0__Bacteria;D_1__BRC1,D_0__Bacteria;D_1__Bacteroidetes,D_0__Bacteria;D_1__Chlamydiae,D_0__Bacteria;D_1__Chloroflexi,D_0__Bacteria;D_1__Cyanobacteria,D_0__Bacteria;D_1__Dadabacteria,D_0__Bacteria;D_1__Deinococcus-Thermus,D_0__Bacteria;D_1__Dependentiae,D_0__Bacteria;D_1__Elusimicrobia,D_0__Bacteria;D_1__Entotheonellaeota,D_0__Bacteria;D_1__FBP,D_0__Bacteria;D_1__FCPU426,D_0__Bacteria;D_1__Fibrobacteres,D_0__Bacteria;D_1__Firmicutes,D_0__Bacteria;D_1__GAL15,D_0__Bacteria;D_1__Gemmatimonadetes,D_0__Bacteria;D_1__Hydrogenedentes,D_0__Bacteria;D_1__Latescibacteria,D_0__Bacteria;D_1__Nitrospirae,D_0__Bacteria;D_1__Omnitrophicaeota,D_0__Bacteria;D_1__Patescibacteria,D_0__Bacteria;D_1__Planctomycetes,D_0__Bacteria;D_1__Proteobacteria,D_0__Bacteria;D_1__Rokubacteria,D_0__Bacteria;D_1__Spirochaetes,D_0__Bacteria;D_1__Tenericutes,D_0__Bacteria;D_1__Verrucomicrobia,D_0__Bacteria;D_1__WPS-2,D_0__Bacteria;D_1__WS2,D_0__Bacteria;D_1__Zixibacteria,ExtractionNum,BarcodeSequence,LinkerPrimerSequence,Rootstock,Compartment,VineyardRow,ExtractDate,ExtractBatch,ExtractConc,260-280,Irrigation
MV08.1103P.2.B,0.0,0.0,0.0,0.0,30.0,0.0,0.0,0.0,0.0,0.0,0.0,0.0,0.0,0.0,0.0,0.0,0.0,0.0,0.0,6.0,0.0,0.0,0.0,0.0,0.0,0.0,0.0,0.0,51.0,0.0,0.0,0.0,0.0,0.0,0.0,0.0,1,TCAGCCTCAGCC,GTGTGYCAGCMGCCGCGGTAA,1103P,Berry,8,2/14/2019,12,11.99,1.84,none
MV08.1103P.2.L,0.0,0.0,0.0,0.0,19.0,0.0,0.0,34.0,0.0,0.0,0.0,0.0,0.0,0.0,0.0,0.0,0.0,0.0,0.0,0.0,0.0,0.0,0.0,0.0,0.0,0.0,0.0,0.0,801.0,0.0,0.0,0.0,0.0,0.0,0.0,0.0,2,TGCAGGGAACCG,GTGTGYCAGCMGCCGCGGTAA,1103P,Leaf,8,10/23/2018,2,34.15,1.43,none
MV08.1103P.2.R,0.0,0.0,1037.0,9598.0,2841.0,619.0,35.0,5751.0,0.0,1912.0,254.0,0.0,0.0,0.0,65.0,14.0,5.0,0.0,46.0,111.0,0.0,81.0,21.0,96.0,120.0,0.0,106.0,5503.0,22536.0,165.0,0.0,0.0,4383.0,0.0,9.0,0.0,3,CAGCGCGGCTAG,GTGTGYCAGCMGCCGCGGTAA,1103P,Root,8,12/20/2018,6,3.44,1.22,none
MV08.1103P.2.S,62.0,21.0,2247.0,24005.0,1810.0,246.0,37.0,2879.0,21.0,2311.0,132.0,0.0,0.0,29.0,200.0,44.0,0.0,0.0,26.0,153.0,5.0,1138.0,5.0,627.0,748.0,45.0,56.0,5570.0,10832.0,1233.0,0.0,0.0,4443.0,0.0,7.0,11.0,4,ATGGACCTAGCT,GTGTGYCAGCMGCCGCGGTAA,1103P,Soil,8,11/7/2018,3,33.98,1.83,none
MV08.1103P.3.B,0.0,0.0,0.0,0.0,1493.0,13.0,0.0,247.0,0.0,0.0,0.0,0.0,56.0,0.0,0.0,0.0,11.0,0.0,0.0,88.0,0.0,0.0,0.0,0.0,0.0,0.0,0.0,0.0,18056.0,0.0,0.0,0.0,0.0,0.0,0.0,0.0,5,CTAGCCCGTTCG,GTGTGYCAGCMGCCGCGGTAA,1103P,Berry,8,2/14/2019,12,9.0,1.46,none
MV08.1103P.3.L,0.0,0.0,0.0,0.0,393.0,5.0,0.0,666.0,0.0,0.0,0.0,0.0,41.0,0.0,0.0,0.0,0.0,0.0,0.0,6.0,0.0,0.0,0.0,0.0,0.0,0.0,0.0,0.0,11723.0,0.0,0.0,0.0,0.0,0.0,0.0,0.0,6,ACGGGCACGACA,GTGTGYCAGCMGCCGCGGTAA,1103P,Leaf,8,10/23/2018,2,11.81,1.31,none
MV08.1103P.3.R,8.0,0.0,841.0,10241.0,2348.0,394.0,4.0,8148.0,18.0,1468.0,312.0,0.0,0.0,50.0,75.0,0.0,0.0,0.0,54.0,46.0,0.0,214.0,0.0,22.0,182.0,0.0,58.0,2765.0,24929.0,164.0,14.0,0.0,3759.0,0.0,5.0,0.0,7,TACGAGCCCTAA,GTGTGYCAGCMGCCGCGGTAA,1103P,Root,8,12/20/2018,6,29.1,1.62,none
MV08.1103P.3.S,44.0,40.0,1998.0,24873.0,1564.0,261.0,48.0,3488.0,0.0,2009.0,139.0,0.0,0.0,79.0,115.0,54.0,0.0,0.0,9.0,106.0,16.0,1190.0,0.0,689.0,859.0,112.0,138.0,5503.0,12166.0,1309.0,0.0,0.0,6076.0,17.0,39.0,0.0,8,CAATGGTTTCTT,GTGTGYCAGCMGCCGCGGTAA,1103P,Soil,8,11/7/2018,3,36.78,1.79,none
MV08.3309C.6.B,0.0,0.0,0.0,0.0,522.0,0.0,0.0,169.0,0.0,0.0,0.0,0.0,54.0,0.0,0.0,0.0,8.0,0.0,0.0,0.0,0.0,0.0,0.0,0.0,0.0,0.0,0.0,0.0,9054.0,0.0,0.0,0.0,0.0,0.0,0.0,0.0,9,ACCCAGTATGGT,GTGTGYCAGCMGCCGCGGTAA,3309C,Berry,8,2/14/2019,12,8.58,1.6,none
MV08.3309C.6.L,0.0,0.0,0.0,0.0,306.0,0.0,0.0,417.0,0.0,0.0,0.0,0.0,14.0,0.0,0.0,0.0,0.0,0.0,0.0,14.0,0.0,0.0,0.0,0.0,0.0,0.0,0.0,0.0,7967.0,0.0,0.0,0.0,0.0,0.0,0.0,0.0,10,GAACAGCTCTAC,GTGTGYCAGCMGCCGCGGTAA,3309C,Leaf,8,10/23/2018,2,13.79,1.33,none
MV08.3309C.6.R,0.0,0.0,1616.0,8950.0,3212.0,512.0,56.0,9221.0,44.0,1495.0,408.0,7.0,0.0,38.0,64.0,34.0,0.0,0.0,92.0,39.0,0.0,154.0,0.0,68.0,432.0,0.0,87.0,5701.0,32280.0,324.0,16.0,0.0,7915.0,9.0,0.0,0.0,11,GACGACATTTAG,GTGTGYCAGCMGCCGCGGTAA,3309C,Root,8,12/20/2018,6,21.45,1.89,none
MV08.3309C.6.S,17.0,12.0,1005.0,13382.0,697.0,134.0,44.0,1688.0,16.0,1219.0,104.0,0.0,0.0,41.0,32.0,29.0,11.0,10.0,12.0,68.0,0.0,542.0,0.0,454.0,628.0,8.0,29.0,3264.0,6855.0,778.0,7.0,0.0,3959.0,16.0,8.0,9.0,12,GCAGACGGAACC,GTGTGYCAGCMGCCGCGGTAA,3309C,Soil,8,11/7/2018,3,42.0,1.86,none
MV08.3309C.7.B,0.0,0.0,0.0,3.0,2251.0,5.0,0.0,326.0,0.0,0.0,4.0,0.0,2.0,0.0,0.0,0.0,0.0,0.0,0.0,0.0,0.0,0.0,0.0,0.0,0.0,0.0,0.0,0.0,3484.0,0.0,0.0,0.0,0.0,0.0,0.0,0.0,13,ATTGATATTGAT,GTGTGYCAGCMGCCGCGGTAA,3309C,Berry,8,2/14/2019,12,4.72,2.57,none
MV08.3309C.7.L,0.0,0.0,0.0,0.0,299.0,0.0,0.0,1189.0,0.0,0.0,0.0,0.0,0.0,0.0,0.0,0.0,0.0,0.0,0.0,0.0,0.0,0.0,0.0,0.0,0.0,0.0,0.0,0.0,7760.0,0.0,0.0,0.0,0.0,0.0,0.0,0.0,14,GACTGGAGATGG,GTGTGYCAGCMGCCGCGGTAA,3309C,Leaf,8,10/23/2018,2,28.49,1.33,none
MV08.3309C.7.R,0.0,0.0,225.0,1588.0,4269.0,217.0,60.0,10131.0,3.0,400.0,107.0,0.0,0.0,149.0,13.0,0.0,24.0,0.0,28.0,69.0,0.0,112.0,0.0,23.0,101.0,0.0,170.0,1127.0,27522.0,40.0,0.0,0.0,4337.0,21.0,0.0,0.0,15,CGCCCGGGACAC,GTGTGYCAGCMGCCGCGGTAA,3309C,Root,8,12/20/2018,6,20.38,1.42,none
MV08.3309C.7.S,34.0,0.0,1510.0,13996.0,1173.0,179.0,82.0,3154.0,41.0,1585.0,105.0,0.0,0.0,4.0,130.0,33.0,13.0,36.0,0.0,180.0,0.0,771.0,12.0,348.0,627.0,7.0,32.0,3609.0,10521.0,592.0,0.0,0.0,6133.0,133.0,0.0,0.0,16,CGCTCTTAACGG,GTGTGYCAGCMGCCGCGGTAA,3309C,Soil,8,11/7/2018,3,39.87,1.8,none
MV08.OWN.14.B,0.0,0.0,0.0,0.0,179.0,0.0,0.0,88.0,0.0,0.0,0.0,0.0,38.0,0.0,0.0,0.0,0.0,0.0,0.0,0.0,0.0,0.0,0.0,0.0,0.0,0.0,0.0,0.0,603.0,0.0,0.0,0.0,0.0,0.0,0.0,0.0,25,ATGGAGTTGTTG,GTGTGYCAGCMGCCGCGGTAA,OWN,Berry,8,2/12/2019,10,10.88,1.4,none
MV08.OWN.14.L,0.0,0.0,0.0,0.0,3773.0,0.0,0.0,2140.0,22.0,0.0,0.0,0.0,69.0,0.0,0.0,0.0,0.0,0.0,0.0,8.0,0.0,0.0,0.0,0.0,0.0,0.0,0.0,0.0,29899.0,0.0,0.0,0.0,0.0,0.0,0.0,0.0,26,CACTTCTTTGTG,GTGTGYCAGCMGCCGCGGTAA,OWN,Leaf,8,1/14/2019,7,8.8,1.23,none
MV08.OWN.14.R,0.0,0.0,710.0,8308.0,3653.0,278.0,15.0,5180.0,10.0,670.0,106.0,0.0,0.0,40.0,13.0,3.0,0.0,0.0,76.0,125.0,0.0,66.0,9.0,80.0,138.0,0.0,14.0,3705.0,25528.0,53.0,52.0,0.0,3732.0,2.0,0.0,0.0,27,CTCGGATAGATC,GTGTGYCAGCMGCCGCGGTAA,OWN,Root,8,12/20/2018,6,8.43,1.54,none
MV08.OWN.14.S,23.0,0.0,1472.0,17540.0,1799.0,146.0,76.0,3936.0,0.0,1379.0,86.0,0.0,0.0,15.0,155.0,55.0,0.0,0.0,34.0,155.0,0.0,784.0,0.0,293.0,713.0,26.0,85.0,5489.0,14157.0,479.0,0.0,0.0,7605.0,45.0,0.0,0.0,28,TAAACAATCAGG,GTGTGYCAGCMGCCGCGGTAA,OWN,Soil,8,11/7/2018,3,46.17,1.75,none
MV08.OWN.15.B,0.0,0.0,4.0,0.0,1074.0,0.0,0.0,250.0,0.0,0.0,0.0,0.0,7.0,0.0,0.0,0.0,0.0,0.0,0.0,10.0,0.0,0.0,0.0,0.0,0.0,0.0,0.0,2.0,3884.0,0.0,0.0,0.0,0.0,0.0,0.0,0.0,29,ACTAGACGACTA,GTGTGYCAGCMGCCGCGGTAA,OWN,Berry,8,2/13/2019,11,12.57,1.44,none
MV08.OWN.15.L,0.0,0.0,0.0,0.0,222.0,0.0,0.0,163.0,0.0,0.0,0.0,0.0,15.0,0.0,0.0,0.0,0.0,0.0,0.0,0.0,0.0,0.0,0.0,0.0,0.0,0.0,0.0,0.0,5487.0,0.0,0.0,0.0,0.0,0.0,0.0,0.0,30,GTAATGCGTAAC,GTGTGYCAGCMGCCGCGGTAA,OWN,Leaf,8,10/23/2018,2,31.41,1.4,none
MV08.OWN.15.R,0.0,0.0,454.0,2871.0,1355.0,242.0,5.0,5162.0,0.0,976.0,120.0,0.0,0.0,6.0,0.0,7.0,21.0,0.0,14.0,5.0,0.0,9.0,0.0,29.0,98.0,0.0,45.0,1724.0,16105.0,0.0,12.0,0.0,2727.0,0.0,0.0,0.0,31,CGCGTTCCCAGT,GTGTGYCAGCMGCCGCGGTAA,OWN,Root,8,12/13/2018,5,52.53,1.53,none
MV08.OWN.15.S,12.0,20.0,884.0,11009.0,1327.0,114.0,59.0,2931.0,0.0,1088.0,106.0,0.0,0.0,25.0,103.0,24.0,0.0,0.0,18.0,62.0,0.0,455.0,8.0,269.0,503.0,8.0,70.0,3788.0,9151.0,326.0,14.0,0.0,4760.0,17.0,14.0,0.0,32,TGTACCAACCGA,GTGTGYCAGCMGCCGCGGTAA,OWN,Soil,8,11/7/2018,3,33.62,1.81,none
MV08.SO4.10.B,0.0,0.0,0.0,0.0,1885.0,102.0,0.0,1616.0,28.0,0.0,0.0,0.0,161.0,0.0,0.0,0.0,41.0,0.0,0.0,0.0,0.0,0.0,0.0,0.0,0.0,0.0,0.0,0.0,5593.0,0.0,0.0,0.0,0.0,0.0,0.0,0.0,17,TATTAGCCTATC,GTGTGYCAGCMGCCGCGGTAA,SO4,Berry,8,2/14/2019,12,6.44,1.45,none
MV08.SO4.10.L,0.0,0.0,0.0,0.0,359.0,0.0,0.0,419.0,0.0,0.0,0.0,0.0,97.0,0.0,0.0,0.0,0.0,0.0,0.0,32.0,0.0,0.0,0.0,0.0,0.0,0.0,0.0,3.0,7689.0,0.0,0.0,0.0,0.0,0.0,0.0,0.0,18,GTATTTCGGACG,GTGTGYCAGCMGCCGCGGTAA,SO4,Leaf,8,10/23/2018,2,26.75,1.6,none
MV08.SO4.10.R,0.0,0.0,627.0,5456.0,3496.0,299.0,21.0,9908.0,23.0,1318.0,431.0,0.0,0.0,40.0,9.0,6.0,0.0,0.0,29.0,71.0,0.0,182.0,0.0,56.0,360.0,7.0,65.0,2941.0,20299.0,322.0,35.0,0.0,5086.0,9.0,0.0,0.0,19,ACTAGCGTTCAG,GTGTGYCAGCMGCCGCGGTAA,SO4,Root,8,12/20/2018,6,22.85,1.66,none
MV08.SO4.10.S,9.0,19.0,875.0,11596.0,888.0,227.0,57.0,2092.0,19.0,2288.0,135.0,0.0,0.0,28.0,80.0,27.0,0.0,4.0,0.0,77.0,0.0,647.0,10.0,343.0,600.0,20.0,38.0,3820.0,8896.0,569.0,0.0,0.0,2958.0,28.0,15.0,0.0,20,TCCGTATGCGCC,GTGTGYCAGCMGCCGCGGTAA,SO4,Soil,8,11/7/2018,3,47.89,1.77,none
MV08.SO4.11.B,0.0,0.0,0.0,0.0,1914.0,28.0,0.0,1308.0,0.0,0.0,0.0,0.0,7.0,0.0,0.0,0.0,0.0,0.0,0.0,102.0,0.0,0.0,0.0,0.0,0.0,0.0,0.0,0.0,5069.0,0.0,0.0,0.0,0.0,0.0,0.0,0.0,21,AGGTTAAGTGCT,GTGTGYCAGCMGCCGCGGTAA,SO4,Berry,8,2/12/2019,10,8.94,2.52,none
MV08.SO4.11.L,0.0,0.0,0.0,0.0,936.0,13.0,0.0,6570.0,0.0,0.0,0.0,0.0,264.0,0.0,0.0,0.0,7.0,0.0,0.0,0.0,0.0,0.0,0.0,0.0,0.0,0.0,0.0,0.0,25467.0,0.0,0.0,0.0,0.0,0.0,0.0,0.0,22,GATTATCGACGA,GTGTGYCAGCMGCCGCGGTAA,SO4,Leaf,8,1/14/2019,7,7.12,0.74,none
MV08.SO4.11.R,0.0,0.0,1148.0,7251.0,3402.0,364.0,57.0,5425.0,9.0,1522.0,173.0,0.0,0.0,4.0,140.0,19.0,0.0,0.0,63.0,84.0,0.0,206.0,9.0,243.0,328.0,16.0,87.0,3634.0,24354.0,233.0,54.0,0.0,5511.0,9.0,16.0,0.0,23,GTCCCGTGAAAT,GTGTGYCAGCMGCCGCGGTAA,SO4,Root,8,12/13/2018,5,24.37,1.71,none
MV08.SO4.11.S,40.0,27.0,1223.0,14263.0,871.0,200.0,56.0,2622.0,0.0,1560.0,162.0,0.0,0.0,15.0,54.0,17.0,0.0,11.0,0.0,82.0,0.0,616.0,20.0,491.0,560.0,30.0,34.0,3987.0,9917.0,663.0,18.0,0.0,4595.0,43.0,26.0,0.0,24,CTGACGATCCGT,GTGTGYCAGCMGCCGCGGTAA,SO4,Soil,8,11/7/2018,3,43.29,1.82,none
MV09.1103P.6.B,0.0,0.0,0.0,0.0,1650.0,37.0,0.0,899.0,0.0,0.0,0.0,0.0,15.0,0.0,0.0,0.0,0.0,0.0,0.0,64.0,0.0,0.0,0.0,0.0,0.0,0.0,0.0,0.0,14638.0,5.0,0.0,0.0,0.0,0.0,0.0,0.0,41,TCACGCCGGAGG,GTGTGYCAGCMGCCGCGGTAA,1103P,Berry,9,2/19/2019,14,9.51,1.37,rdi
MV09.1103P.6.L,0.0,0.0,0.0,0.0,198.0,0.0,0.0,567.0,0.0,0.0,0.0,0.0,13.0,0.0,0.0,0.0,0.0,0.0,0.0,0.0,0.0,0.0,0.0,0.0,0.0,0.0,0.0,0.0,4820.0,0.0,0.0,0.0,0.0,0.0,0.0,0.0,42,GGTCCGAAGCCG,GTGTGYCAGCMGCCGCGGTAA,1103P,Leaf,9,10/23/2018,2,27.55,1.3,rdi
MV09.1103P.6.R,0.0,0.0,243.0,3383.0,1415.0,287.0,0.0,6914.0,4.0,870.0,220.0,0.0,0.0,16.0,36.0,11.0,5.0,0.0,72.0,41.0,0.0,39.0,7.0,54.0,141.0,17.0,201.0,1877.0,19275.0,62.0,132.0,0.0,4535.0,0.0,0.0,0.0,43,CCGGTCCGGGCA,GTGTGYCAGCMGCCGCGGTAA,1103P,Root,9,12/20/2018,6,22.94,1.53,rdi
MV09.1103P.6.S,12.0,14.0,872.0,12458.0,969.0,94.0,32.0,2438.0,0.0,1790.0,88.0,0.0,0.0,29.0,84.0,39.0,2.0,4.0,0.0,99.0,0.0,607.0,12.0,517.0,468.0,62.0,61.0,3522.0,8241.0,686.0,0.0,0.0,3655.0,14.0,0.0,11.0,44,CAGCCGCATATC,GTGTGYCAGCMGCCGCGGTAA,1103P,Soil,9,11/7/2018,3,38.09,1.89,rdi
MV09.1103P.7.B,0.0,0.0,0.0,13.0,1504.0,93.0,0.0,572.0,0.0,0.0,0.0,0.0,85.0,0.0,0.0,0.0,0.0,0.0,0.0,88.0,0.0,0.0,0.0,0.0,0.0,0.0,0.0,0.0,4326.0,0.0,0.0,0.0,0.0,0.0,0.0,0.0,45,GCGTCGGTACGG,GTGTGYCAGCMGCCGCGGTAA,1103P,Berry,9,2/18/2019,13,25.28,1.45,rdi
MV09.1103P.7.L,0.0,0.0,0.0,0.0,222.0,0.0,0.0,461.0,0.0,0.0,0.0,0.0,9.0,0.0,0.0,0.0,0.0,0.0,0.0,5.0,0.0,0.0,0.0,0.0,0.0,0.0,0.0,0.0,9879.0,0.0,0.0,0.0,0.0,0.0,0.0,0.0,46,AGTGACTGTCAA,GTGTGYCAGCMGCCGCGGTAA,1103P,Leaf,9,10/23/2018,2,31.05,1.34,rdi
MV09.1103P.7.R,0.0,0.0,815.0,5831.0,1970.0,405.0,17.0,7164.0,0.0,1942.0,268.0,0.0,0.0,56.0,23.0,0.0,5.0,0.0,72.0,0.0,0.0,95.0,11.0,83.0,176.0,12.0,104.0,5518.0,33895.0,159.0,48.0,0.0,5899.0,0.0,12.0,0.0,47,CGTGTGTGCTCA,GTGTGYCAGCMGCCGCGGTAA,1103P,Root,9,12/13/2018,5,24.33,1.85,rdi
MV09.1103P.7.S,64.0,6.0,959.0,13963.0,768.0,132.0,40.0,1913.0,52.0,4260.0,115.0,0.0,0.0,52.0,24.0,23.0,0.0,3.0,0.0,84.0,11.0,868.0,8.0,770.0,624.0,83.0,166.0,4609.0,9598.0,1196.0,30.0,0.0,3522.0,6.0,8.0,18.0,48,ACTTACGCCACG,GTGTGYCAGCMGCCGCGGTAA,1103P,Soil,9,11/7/2018,3,54.11,1.83,rdi
MV09.3309C.10.B,0.0,0.0,0.0,0.0,311.0,0.0,0.0,88.0,8.0,0.0,0.0,0.0,98.0,0.0,0.0,0.0,0.0,0.0,0.0,0.0,0.0,0.0,0.0,0.0,0.0,0.0,0.0,0.0,1074.0,0.0,0.0,0.0,0.0,0.0,0.0,0.0,49,GTAACCACCACC,GTGTGYCAGCMGCCGCGGTAA,3309C,Berry,9,2/19/2019,14,14.24,1.47,rdi
MV09.3309C.10.L,0.0,0.0,0.0,23.0,166.0,0.0,0.0,697.0,0.0,0.0,0.0,0.0,45.0,0.0,0.0,0.0,0.0,0.0,0.0,10.0,0.0,0.0,0.0,0.0,0.0,0.0,0.0,0.0,6512.0,0.0,0.0,0.0,0.0,0.0,0.0,0.0,50,CTGTGTCCATGG,GTGTGYCAGCMGCCGCGGTAA,3309C,Leaf,9,10/23/2018,2,28.68,1.32,rdi
MV09.3309C.10.R,0.0,0.0,1608.0,10883.0,3650.0,536.0,32.0,10445.0,18.0,2166.0,322.0,0.0,0.0,6.0,57.0,18.0,18.0,0.0,90.0,86.0,0.0,255.0,10.0,178.0,463.0,44.0,215.0,6146.0,37090.0,199.0,42.0,0.0,7927.0,0.0,11.0,4.0,51,TGAAGTCACAGT,GTGTGYCAGCMGCCGCGGTAA,3309C,Root,9,12/20/2018,6,22.55,1.54,rdi
MV09.3309C.10.S,0.0,23.0,1892.0,25265.0,1550.0,447.0,81.0,4123.0,60.0,5522.0,93.0,0.0,0.0,88.0,204.0,41.0,6.0,18.0,32.0,336.0,10.0,2023.0,25.0,930.0,1116.0,103.0,326.0,8543.0,16906.0,1174.0,23.0,0.0,7964.0,95.0,21.0,26.0,52,GACCGATAGGGA,GTGTGYCAGCMGCCGCGGTAA,3309C,Soil,9,11/7/2018,3,31.16,1.82,rdi
MV09.3309C.11.B,0.0,0.0,0.0,0.0,3708.0,36.0,0.0,2593.0,0.0,0.0,47.0,0.0,328.0,0.0,0.0,0.0,84.0,0.0,0.0,0.0,0.0,0.0,0.0,7.0,0.0,0.0,0.0,0.0,7753.0,0.0,0.0,0.0,15.0,0.0,0.0,0.0,53,GATGAGTCGCGG,GTGTGYCAGCMGCCGCGGTAA,3309C,Berry,9,2/13/2019,11,12.32,1.45,rdi
MV09.3309C.11.L,0.0,0.0,0.0,0.0,399.0,2.0,0.0,952.0,0.0,0.0,0.0,0.0,52.0,0.0,0.0,0.0,0.0,0.0,0.0,4.0,0.0,0.0,0.0,0.0,0.0,0.0,0.0,0.0,8890.0,0.0,0.0,10.0,3.0,0.0,0.0,0.0,54,GTGCTCTGTGCC,GTGTGYCAGCMGCCGCGGTAA,3309C,Leaf,9,10/23/2018,2,11.92,1.29,rdi
MV09.3309C.11.R,0.0,9.0,1007.0,5898.0,1131.0,407.0,19.0,23945.0,21.0,876.0,177.0,0.0,0.0,0.0,56.0,4.0,55.0,0.0,103.0,46.0,0.0,162.0,8.0,92.0,299.0,0.0,235.0,3567.0,30075.0,177.0,56.0,0.0,5446.0,0.0,0.0,0.0,55,TAACACACTTAT,GTGTGYCAGCMGCCGCGGTAA,3309C,Root,9,12/20/2018,6,33.73,1.62,rdi
MV09.3309C.11.S,0.0,0.0,1347.0,14890.0,1109.0,287.0,80.0,2735.0,3.0,1908.0,95.0,0.0,0.0,45.0,160.0,42.0,0.0,12.0,22.0,155.0,0.0,841.0,14.0,371.0,661.0,10.0,69.0,4484.0,9873.0,517.0,12.0,0.0,5524.0,179.0,12.0,0.0,56,GTGTTTAACTCT,GTGTGYCAGCMGCCGCGGTAA,3309C,Soil,9,11/7/2018,3,40.25,1.84,rdi
MV09.OWN.2.B,0.0,0.0,0.0,0.0,217.0,0.0,0.0,70.0,0.0,0.0,0.0,0.0,0.0,0.0,0.0,0.0,0.0,0.0,0.0,0.0,0.0,0.0,0.0,0.0,0.0,0.0,0.0,0.0,559.0,0.0,0.0,0.0,0.0,0.0,0.0,0.0,33,GTATGGAGCTAT,GTGTGYCAGCMGCCGCGGTAA,OWN,Berry,9,2/12/2019,10,27.97,1.67,rdi
MV09.OWN.2.L,0.0,0.0,0.0,0.0,1152.0,0.0,0.0,2826.0,0.0,0.0,0.0,0.0,266.0,0.0,0.0,0.0,8.0,0.0,0.0,0.0,0.0,0.0,0.0,0.0,0.0,0.0,0.0,0.0,33855.0,0.0,0.0,0.0,0.0,0.0,0.0,0.0,34,CGGGCTTCATCA,GTGTGYCAGCMGCCGCGGTAA,OWN,Leaf,9,1/14/2019,7,7.53,0.87,rdi
MV09.OWN.2.R,0.0,0.0,485.0,3118.0,2076.0,198.0,4.0,3307.0,7.0,2052.0,110.0,0.0,12.0,12.0,11.0,0.0,0.0,0.0,55.0,0.0,0.0,48.0,0.0,61.0,46.0,3.0,51.0,3655.0,23520.0,95.0,22.0,0.0,3407.0,0.0,14.0,3.0,35,TGCCATTAGAGC,GTGTGYCAGCMGCCGCGGTAA,OWN,Root,9,12/13/2018,5,47.89,1.57,rdi
MV09.OWN.2.S,0.0,12.0,1137.0,18417.0,1092.0,197.0,30.0,2544.0,18.0,1741.0,115.0,0.0,0.0,39.0,124.0,38.0,11.0,0.0,0.0,138.0,0.0,680.0,6.0,442.0,547.0,16.0,48.0,4990.0,10091.0,843.0,4.0,0.0,4956.0,0.0,12.0,9.0,36,CCGATCTCCGAC,GTGTGYCAGCMGCCGCGGTAA,OWN,Soil,9,11/7/2018,3,35.19,1.83,rdi
MV09.OWN.3.B,0.0,0.0,0.0,0.0,87.0,0.0,0.0,57.0,0.0,0.0,0.0,0.0,0.0,0.0,0.0,0.0,0.0,0.0,0.0,0.0,0.0,0.0,0.0,0.0,0.0,0.0,0.0,0.0,244.0,0.0,0.0,0.0,0.0,0.0,0.0,0.0,37,GCAGCGGTGGCT,GTGTGYCAGCMGCCGCGGTAA,OWN,Berry,9,2/12/2019,10,20.99,1.5,rdi
MV09.OWN.3.L,0.0,0.0,0.0,0.0,675.0,0.0,0.0,1565.0,0.0,0.0,0.0,0.0,45.0,0.0,0.0,0.0,0.0,0.0,0.0,19.0,0.0,0.0,0.0,0.0,0.0,0.0,0.0,0.0,27310.0,0.0,0.0,0.0,0.0,0.0,0.0,0.0,38,TAGCGGAAGACG,GTGTGYCAGCMGCCGCGGTAA,OWN,Leaf,9,1/14/2019,7,9.1,1.44,rdi
MV09.OWN.3.R,0.0,0.0,649.0,3973.0,2552.0,413.0,9.0,14603.0,52.0,858.0,160.0,0.0,35.0,293.0,67.0,18.0,38.0,0.0,570.0,45.0,0.0,215.0,0.0,58.0,371.0,15.0,1205.0,2179.0,32736.0,186.0,131.0,0.0,11402.0,8.0,0.0,0.0,39,TCCATTTCATGC,GTGTGYCAGCMGCCGCGGTAA,OWN,Root,9,12/20/2018,6,21.69,1.67,rdi
MV09.OWN.3.S,41.0,52.0,1927.0,26268.0,2502.0,267.0,32.0,3548.0,3.0,3994.0,156.0,0.0,0.0,43.0,156.0,43.0,16.0,11.0,17.0,153.0,8.0,1270.0,0.0,859.0,943.0,126.0,152.0,6487.0,15140.0,1649.0,30.0,0.0,5606.0,27.0,28.0,11.0,40,TAGTTACTAGTT,GTGTGYCAGCMGCCGCGGTAA,OWN,Soil,9,11/7/2018,3,46.9,1.83,rdi
MV09.SO4.14.B,0.0,0.0,0.0,0.0,679.0,11.0,0.0,286.0,0.0,0.0,0.0,0.0,0.0,0.0,0.0,0.0,0.0,0.0,0.0,7.0,0.0,0.0,0.0,0.0,0.0,0.0,0.0,7.0,1723.0,0.0,0.0,0.0,0.0,0.0,0.0,0.0,57,GCCCGACATATA,GTGTGYCAGCMGCCGCGGTAA,SO4,Berry,9,2/19/2019,14,19.25,1.52,rdi
MV09.SO4.14.L,0.0,0.0,0.0,0.0,309.0,0.0,0.0,834.0,0.0,0.0,0.0,0.0,32.0,0.0,0.0,0.0,0.0,0.0,0.0,0.0,0.0,0.0,0.0,0.0,0.0,0.0,0.0,0.0,7104.0,0.0,0.0,0.0,0.0,0.0,0.0,0.0,58,AGTACTGCCTGC,GTGTGYCAGCMGCCGCGGTAA,SO4,Leaf,9,10/23/2018,2,10.83,1.49,rdi
MV09.SO4.14.R,0.0,63.0,1748.0,8609.0,1251.0,899.0,59.0,8350.0,10.0,6243.0,299.0,0.0,0.0,164.0,116.0,24.0,0.0,4.0,84.0,51.0,0.0,164.0,26.0,113.0,569.0,99.0,337.0,8224.0,26346.0,224.0,83.0,0.0,8703.0,0.0,63.0,0.0,59,AGCTAAATGGAT,GTGTGYCAGCMGCCGCGGTAA,SO4,Root,9,12/20/2018,6,24.63,1.55,rdi
MV09.SO4.14.S,6.0,11.0,1154.0,18374.0,1163.0,299.0,46.0,3772.0,11.0,2725.0,120.0,0.0,0.0,51.0,155.0,36.0,0.0,35.0,13.0,179.0,8.0,1007.0,7.0,658.0,601.0,36.0,123.0,6473.0,11484.0,1196.0,27.0,0.0,6979.0,11.0,55.0,8.0,60,AGTTACGAGCTA,GTGTGYCAGCMGCCGCGGTAA,SO4,Soil,9,11/7/2018,3,35.81,1.78,rdi
MV09.SO4.15.B,0.0,0.0,0.0,0.0,678.0,0.0,0.0,343.0,0.0,0.0,0.0,0.0,0.0,0.0,0.0,0.0,0.0,0.0,0.0,0.0,0.0,0.0,0.0,0.0,0.0,0.0,0.0,0.0,2921.0,0.0,0.0,0.0,0.0,0.0,0.0,0.0,61,TCTATTGTTAGA,GTGTGYCAGCMGCCGCGGTAA,SO4,Berry,9,2/13/2019,11,11.02,1.44,rdi
MV09.SO4.15.L,0.0,0.0,0.0,0.0,553.0,0.0,0.0,611.0,0.0,0.0,0.0,0.0,5.0,0.0,0.0,0.0,0.0,0.0,0.0,0.0,0.0,0.0,0.0,0.0,0.0,0.0,0.0,0.0,9418.0,0.0,0.0,0.0,0.0,0.0,0.0,0.0,62,TCAATACAATAT,GTGTGYCAGCMGCCGCGGTAA,SO4,Leaf,9,10/23/2018,2,15.55,1.61,rdi
MV09.SO4.15.R,0.0,43.0,1491.0,9728.0,3949.0,834.0,21.0,11649.0,40.0,3345.0,179.0,0.0,0.0,36.0,72.0,24.0,28.0,8.0,135.0,96.0,0.0,208.0,13.0,114.0,387.0,39.0,1296.0,7439.0,46116.0,244.0,43.0,0.0,6973.0,0.0,12.0,0.0,63,GAATACCAAGTC,GTGTGYCAGCMGCCGCGGTAA,SO4,Root,9,12/13/2018,5,30.29,1.5,rdi
MV09.SO4.15.S,2.0,50.0,1924.0,28851.0,1639.0,412.0,133.0,4951.0,0.0,3846.0,212.0,17.0,0.0,34.0,186.0,74.0,15.0,20.0,37.0,253.0,14.0,1379.0,8.0,1041.0,1176.0,90.0,160.0,8116.0,19288.0,1544.0,6.0,0.0,6979.0,30.0,68.0,92.0,64,CATGTGCTTAGG,GTGTGYCAGCMGCCGCGGTAA,SO4,Soil,9,11/7/2018,3,69.09,1.91,rdi
MV10.1103P.14.B,0.0,0.0,0.0,3.0,1751.0,5.0,0.0,509.0,0.0,0.0,0.0,0.0,746.0,0.0,0.0,0.0,0.0,0.0,0.0,386.0,0.0,0.0,0.0,0.0,0.0,0.0,0.0,0.0,6308.0,0.0,0.0,0.0,2.0,0.0,0.0,0.0,89,ATCTAAGTTACT,GTGTGYCAGCMGCCGCGGTAA,1103P,Berry,10,2/19/2019,14,9.93,1.42,full
MV10.1103P.14.L,0.0,0.0,0.0,0.0,244.0,0.0,0.0,487.0,0.0,0.0,0.0,0.0,13.0,0.0,0.0,0.0,0.0,0.0,0.0,0.0,0.0,0.0,0.0,0.0,0.0,0.0,0.0,0.0,3554.0,0.0,0.0,0.0,0.0,0.0,0.0,0.0,90,TCGGGTGAGGCC,GTGTGYCAGCMGCCGCGGTAA,1103P,Leaf,10,10/23/2018,2,28.01,1.4,full
MV10.1103P.14.R,0.0,20.0,793.0,4849.0,2403.0,523.0,27.0,12316.0,68.0,1676.0,88.0,0.0,0.0,70.0,84.0,0.0,27.0,7.0,74.0,83.0,0.0,262.0,8.0,163.0,375.0,0.0,204.0,2999.0,30964.0,135.0,79.0,0.0,5238.0,16.0,4.0,0.0,91,ACGATCATCTGG,GTGTGYCAGCMGCCGCGGTAA,1103P,Root,10,12/13/2018,5,24.81,1.8,full
MV10.1103P.14.S,11.0,100.0,2383.0,22084.0,2879.0,492.0,94.0,5721.0,53.0,3239.0,289.0,0.0,0.0,135.0,201.0,17.0,36.0,67.0,9.0,308.0,0.0,1364.0,27.0,643.0,1056.0,60.0,307.0,8844.0,17478.0,687.0,86.0,0.0,7287.0,48.0,22.0,0.0,92,GTGGATAAACTC,GTGTGYCAGCMGCCGCGGTAA,1103P,Soil,10,11/7/2018,3,33.07,1.79,full
MV10.1103P.15.B,0.0,0.0,0.0,0.0,2784.0,33.0,0.0,1350.0,0.0,0.0,0.0,0.0,127.0,0.0,0.0,0.0,44.0,0.0,0.0,20.0,0.0,0.0,0.0,0.0,0.0,0.0,0.0,0.0,5284.0,0.0,0.0,0.0,0.0,0.0,0.0,0.0,93,CAAGAGCGGATG,GTGTGYCAGCMGCCGCGGTAA,1103P,Berry,10,2/14/2019,12,6.51,1.45,full
MV10.1103P.15.L,0.0,0.0,0.0,0.0,435.0,0.0,0.0,807.0,0.0,0.0,2.0,0.0,23.0,0.0,0.0,0.0,0.0,0.0,0.0,9.0,0.0,0.0,0.0,0.0,0.0,0.0,0.0,2.0,12544.0,0.0,0.0,0.0,8.0,0.0,0.0,0.0,94,GATTGAACGCTA,GTGTGYCAGCMGCCGCGGTAA,1103P,Leaf,10,10/23/2018,2,22.29,1.41,full
MV10.1103P.15.R,0.0,0.0,912.0,4381.0,3472.0,393.0,38.0,8441.0,0.0,5923.0,236.0,0.0,0.0,54.0,76.0,13.0,16.0,0.0,54.0,67.0,0.0,80.0,0.0,123.0,210.0,29.0,295.0,5265.0,34047.0,114.0,47.0,0.0,5758.0,0.0,19.0,0.0,95,GAGCACGCACGC,GTGTGYCAGCMGCCGCGGTAA,1103P,Root,10,12/13/2018,5,45.47,1.6,full
MV10.1103P.15.S,7.0,3.0,2115.0,19372.0,1688.0,246.0,108.0,5037.0,9.0,2800.0,208.0,0.0,0.0,132.0,184.0,25.0,9.0,25.0,43.0,205.0,0.0,1014.0,13.0,511.0,990.0,44.0,190.0,5597.0,14616.0,959.0,12.0,0.0,9088.0,28.0,17.0,0.0,96,CGGCTACTATGC,GTGTGYCAGCMGCCGCGGTAA,1103P,Soil,10,11/7/2018,3,32.09,1.79,full
MV10.3309C.2.B,0.0,0.0,0.0,15.0,2655.0,431.0,0.0,751.0,0.0,3.0,0.0,0.0,202.0,0.0,0.0,0.0,22.0,0.0,0.0,0.0,0.0,0.0,0.0,0.0,0.0,0.0,0.0,6.0,7315.0,0.0,0.0,0.0,16.0,0.0,0.0,0.0,65,TGACCTCAAGAC,GTGTGYCAGCMGCCGCGGTAA,3309C,Berry,10,2/13/2019,11,9.88,1.51,full
MV10.3309C.2.L,0.0,0.0,0.0,0.0,874.0,0.0,0.0,1957.0,0.0,0.0,0.0,0.0,38.0,0.0,0.0,0.0,9.0,0.0,0.0,0.0,0.0,0.0,0.0,0.0,0.0,0.0,0.0,0.0,19424.0,0.0,0.0,0.0,0.0,0.0,0.0,0.0,66,GAACGTCCGGAG,GTGTGYCAGCMGCCGCGGTAA,3309C,Leaf,10,10/23/2018,2,11.25,1.46,full
MV10.3309C.2.R,0.0,0.0,386.0,2845.0,1365.0,85.0,8.0,5011.0,0.0,552.0,1741.0,0.0,0.0,0.0,0.0,0.0,0.0,0.0,118.0,46.0,0.0,21.0,0.0,34.0,98.0,2.0,82.0,1337.0,20681.0,73.0,10.0,0.0,3457.0,0.0,3.0,0.0,67,CTTGCATACCGG,GTGTGYCAGCMGCCGCGGTAA,3309C,Root,10,12/13/2018,5,27.83,1.4,full
MV10.3309C.2.S,12.0,25.0,984.0,17003.0,878.0,175.0,9.0,1773.0,0.0,1492.0,115.0,0.0,0.0,37.0,87.0,6.0,0.0,0.0,6.0,108.0,7.0,724.0,10.0,575.0,598.0,12.0,128.0,4035.0,8115.0,967.0,4.0,0.0,3008.0,0.0,18.0,0.0,68,CTGTCCCGCAGT,GTGTGYCAGCMGCCGCGGTAA,3309C,Soil,10,11/7/2018,3,41.51,1.83,full
MV10.3309C.3.B,0.0,0.0,0.0,0.0,674.0,11.0,0.0,159.0,0.0,0.0,0.0,0.0,40.0,0.0,0.0,0.0,0.0,0.0,0.0,14.0,0.0,0.0,0.0,0.0,0.0,0.0,0.0,0.0,2026.0,0.0,0.0,0.0,7.0,0.0,0.0,0.0,69,GACGATCGGGCC,GTGTGYCAGCMGCCGCGGTAA,3309C,Berry,10,2/13/2019,11,16.79,1.43,full
MV10.3309C.3.L,0.0,0.0,0.0,0.0,695.0,0.0,0.0,1353.0,0.0,0.0,0.0,0.0,18.0,0.0,0.0,0.0,0.0,0.0,0.0,0.0,0.0,0.0,0.0,0.0,0.0,0.0,0.0,0.0,19261.0,0.0,0.0,0.0,0.0,0.0,0.0,0.0,70,GGTTGTAAGTGT,GTGTGYCAGCMGCCGCGGTAA,3309C,Leaf,10,10/23/2018,2,10.9,1.33,full
MV10.3309C.3.R,0.0,0.0,609.0,6315.0,2883.0,365.0,35.0,9181.0,6.0,1708.0,220.0,0.0,0.0,36.0,56.0,0.0,0.0,0.0,71.0,49.0,0.0,148.0,7.0,164.0,216.0,23.0,129.0,3994.0,30001.0,109.0,35.0,0.0,5953.0,5.0,8.0,0.0,71,CATGGGTGTTAC,GTGTGYCAGCMGCCGCGGTAA,3309C,Root,10,12/13/2018,5,31.76,1.74,full
MV10.3309C.3.S,0.0,6.0,860.0,17877.0,1010.0,222.0,26.0,1990.0,0.0,2040.0,116.0,0.0,0.0,45.0,41.0,18.0,0.0,15.0,11.0,74.0,0.0,773.0,19.0,745.0,528.0,6.0,101.0,5642.0,9770.0,926.0,34.0,0.0,3619.0,5.0,7.0,16.0,72,GTGCATTCGCCA,GTGTGYCAGCMGCCGCGGTAA,3309C,Soil,10,11/7/2018,3,51.39,1.83,full
MV10.OWN.10.B,0.0,0.0,0.0,0.0,1137.0,46.0,0.0,769.0,0.0,0.0,0.0,0.0,46.0,0.0,0.0,0.0,49.0,0.0,0.0,40.0,0.0,0.0,0.0,0.0,0.0,0.0,0.0,0.0,6453.0,0.0,0.0,0.0,0.0,0.0,0.0,0.0,81,CCAGTTCCAAAG,GTGTGYCAGCMGCCGCGGTAA,OWN,Berry,10,2/19/2019,14,7.73,1.63,full
MV10.OWN.10.L,0.0,0.0,0.0,0.0,453.0,0.0,0.0,718.0,0.0,0.0,0.0,0.0,7.0,0.0,0.0,0.0,2.0,0.0,0.0,0.0,0.0,0.0,0.0,0.0,0.0,0.0,0.0,0.0,11962.0,0.0,0.0,0.0,0.0,0.0,0.0,0.0,82,CAGAGTGCCGGC,GTGTGYCAGCMGCCGCGGTAA,OWN,Leaf,10,10/23/2018,2,27.27,1.28,full
MV10.OWN.10.R,0.0,0.0,769.0,5056.0,3570.0,704.0,0.0,7443.0,8.0,1366.0,619.0,0.0,0.0,83.0,65.0,0.0,10.0,0.0,13.0,64.0,0.0,237.0,0.0,32.0,238.0,35.0,286.0,3077.0,25718.0,25.0,8.0,0.0,5311.0,11.0,0.0,0.0,83,GGCCTGGCCTGG,GTGTGYCAGCMGCCGCGGTAA,OWN,Root,10,12/13/2018,5,10.41,1.83,full
MV10.OWN.10.S,0.0,40.0,2009.0,20093.0,2130.0,340.0,124.0,4398.0,23.0,2170.0,186.0,0.0,0.0,28.0,155.0,39.0,16.0,28.0,54.0,150.0,5.0,1002.0,12.0,436.0,781.0,53.0,110.0,7815.0,15541.0,562.0,36.0,0.0,7118.0,458.0,17.0,0.0,84,AGCAAGGTCTTC,GTGTGYCAGCMGCCGCGGTAA,OWN,Soil,10,11/7/2018,3,38.34,1.82,full
MV10.OWN.11.B,0.0,0.0,0.0,0.0,656.0,0.0,0.0,104.0,0.0,0.0,0.0,0.0,0.0,0.0,0.0,0.0,10.0,0.0,0.0,0.0,0.0,0.0,0.0,0.0,6.0,0.0,0.0,0.0,1993.0,0.0,0.0,0.0,0.0,0.0,0.0,0.0,85,TACCGGCTTGCA,GTGTGYCAGCMGCCGCGGTAA,OWN,Berry,10,2/19/2019,14,9.26,1.46,full
MV10.OWN.11.L,0.0,0.0,0.0,0.0,288.0,0.0,0.0,358.0,0.0,0.0,0.0,0.0,0.0,0.0,0.0,0.0,0.0,0.0,0.0,0.0,0.0,0.0,0.0,0.0,0.0,0.0,0.0,0.0,8490.0,0.0,0.0,0.0,0.0,0.0,0.0,0.0,86,AATGATAGATGC,GTGTGYCAGCMGCCGCGGTAA,OWN,Leaf,10,10/23/2018,2,30.63,1.3,full
MV10.OWN.11.R,3.0,7.0,877.0,6944.0,2088.0,1018.0,41.0,6916.0,29.0,2743.0,534.0,0.0,0.0,36.0,67.0,8.0,18.0,0.0,113.0,0.0,0.0,205.0,3.0,71.0,257.0,40.0,221.0,4133.0,25110.0,178.0,70.0,0.0,5717.0,0.0,0.0,0.0,87,AATCAACTAGGC,GTGTGYCAGCMGCCGCGGTAA,OWN,Root,10,12/20/2018,6,19.15,1.61,full
MV10.OWN.11.S,39.0,13.0,1610.0,19417.0,1353.0,277.0,111.0,2985.0,33.0,1791.0,170.0,0.0,0.0,56.0,273.0,51.0,0.0,19.0,30.0,83.0,0.0,887.0,6.0,507.0,693.0,50.0,97.0,5622.0,11255.0,900.0,30.0,0.0,8140.0,89.0,31.0,0.0,88,CTATGGTGAACC,GTGTGYCAGCMGCCGCGGTAA,OWN,Soil,10,11/7/2018,3,48.94,1.82,full
MV10.SO4.7.B,0.0,0.0,0.0,0.0,409.0,0.0,0.0,182.0,0.0,0.0,0.0,0.0,48.0,0.0,0.0,0.0,0.0,0.0,0.0,0.0,0.0,0.0,0.0,0.0,0.0,0.0,0.0,0.0,1787.0,0.0,0.0,0.0,0.0,0.0,0.0,0.0,77,CGATCCGATCTG,GTGTGYCAGCMGCCGCGGTAA,SO4,Berry,10,2/13/2019,11,6.47,1.45,full
MV10.SO4.7.L,0.0,0.0,0.0,0.0,961.0,0.0,0.0,2075.0,0.0,0.0,0.0,0.0,13.0,0.0,0.0,0.0,0.0,0.0,0.0,0.0,0.0,0.0,0.0,0.0,0.0,0.0,0.0,0.0,21390.0,0.0,0.0,11.0,0.0,0.0,0.0,0.0,78,TCCTGAACACAG,GTGTGYCAGCMGCCGCGGTAA,SO4,Leaf,10,10/23/2018,2,7.74,1.39,full
MV10.SO4.7.R,0.0,3.0,949.0,4917.0,3554.0,293.0,17.0,8886.0,7.0,1289.0,172.0,0.0,0.0,63.0,54.0,15.0,5.0,0.0,166.0,54.0,0.0,161.0,14.0,13.0,302.0,8.0,511.0,2876.0,25192.0,307.0,19.0,0.0,4129.0,0.0,3.0,0.0,79,TAAACGCGACTC,GTGTGYCAGCMGCCGCGGTAA,SO4,Root,10,12/13/2018,5,18.24,1.27,full
MV10.SO4.7.S,3.0,10.0,1505.0,17957.0,2031.0,148.0,22.0,2682.0,0.0,1996.0,138.0,16.0,0.0,49.0,185.0,46.0,0.0,0.0,33.0,245.0,0.0,927.0,12.0,202.0,710.0,37.0,10.0,4545.0,11772.0,877.0,0.0,0.0,3236.0,0.0,13.0,6.0,80,ACCTAGCTAGTG,GTGTGYCAGCMGCCGCGGTAA,SO4,Soil,10,11/7/2018,3,45.13,1.78,full
MV11.1103P.6-7.R,0.0,4.0,981.0,4683.0,1218.0,453.0,27.0,6322.0,11.0,4977.0,256.0,0.0,0.0,0.0,25.0,21.0,16.0,0.0,55.0,573.0,0.0,141.0,31.0,138.0,317.0,11.0,98.0,6593.0,20754.0,156.0,44.0,0.0,5041.0,0.0,0.0,0.0,105,TCACAACACCGC,GTGTGYCAGCMGCCGCGGTAA,1103P,Root,11,12/13/2018,5,37.52,1.51,rdi
MV11.1103P.6-7.S,7.0,11.0,1392.0,11137.0,1407.0,188.0,39.0,1388.0,0.0,2061.0,66.0,0.0,0.0,20.0,52.0,31.0,0.0,10.0,22.0,113.0,10.0,668.0,0.0,390.0,505.0,3.0,79.0,3286.0,7762.0,588.0,0.0,0.0,3338.0,0.0,8.0,0.0,106,GTTTGTGATCTT,GTGTGYCAGCMGCCGCGGTAA,1103P,Soil,11,11/14/208,4,65.54,1.85,rdi
MV11.1103P.6.L,0.0,0.0,0.0,25.0,213.0,4.0,0.0,1061.0,4.0,0.0,0.0,0.0,44.0,0.0,0.0,0.0,0.0,0.0,0.0,0.0,0.0,0.0,0.0,0.0,0.0,0.0,0.0,0.0,5479.0,0.0,0.0,0.0,0.0,0.0,0.0,0.0,104,CGATACACTGCC,GTGTGYCAGCMGCCGCGGTAA,1103P,Leaf,11,10/18/2018,1,35.19,1.43,rdi
MV11.1103P.7.B,0.0,0.0,0.0,0.0,866.0,0.0,0.0,105.0,0.0,0.0,0.0,0.0,0.0,0.0,0.0,0.0,0.0,0.0,0.0,0.0,0.0,0.0,0.0,0.0,0.0,0.0,0.0,0.0,4185.0,0.0,0.0,0.0,0.0,0.0,0.0,0.0,107,AACATTGCAGGT,GTGTGYCAGCMGCCGCGGTAA,1103P,Berry,11,2/21/2019,15,6.95,1.62,rdi
MV11.3309C.2-3.R,0.0,0.0,1651.0,9620.0,2533.0,831.0,30.0,9204.0,0.0,1943.0,217.0,0.0,0.0,18.0,105.0,0.0,6.0,0.0,101.0,742.0,0.0,186.0,111.0,258.0,337.0,0.0,99.0,5125.0,30768.0,206.0,29.0,0.0,7013.0,0.0,14.0,0.0,99,TCCCTCTGAGAG,GTGTGYCAGCMGCCGCGGTAA,3309C,Root,11,12/20/2018,6,14.93,1.66,rdi
MV11.3309C.2-3.S,68.0,25.0,1962.0,20643.0,1801.0,309.0,53.0,3075.0,4.0,2738.0,151.0,0.0,0.0,57.0,86.0,47.0,5.0,0.0,4.0,209.0,12.0,1363.0,10.0,944.0,852.0,6.0,48.0,5783.0,11796.0,1268.0,0.0,0.0,3627.0,0.0,12.0,0.0,100,GAAGACAGCGAC,GTGTGYCAGCMGCCGCGGTAA,3309C,Soil,11,11/14/208,4,66.02,1.83,rdi
MV11.3309C.2.B,0.0,0.0,0.0,0.0,1008.0,46.0,0.0,1016.0,0.0,0.0,34.0,0.0,28.0,0.0,0.0,0.0,0.0,0.0,0.0,432.0,0.0,0.0,0.0,0.0,0.0,0.0,0.0,0.0,13832.0,0.0,0.0,0.0,12.0,0.0,0.0,0.0,97,CAATACGACCGT,GTGTGYCAGCMGCCGCGGTAA,3309C,Berry,11,2/7/2019,8,10.95,1.66,rdi
MV11.3309C.3.L,0.0,0.0,0.0,0.0,1169.0,0.0,0.0,1437.0,0.0,0.0,0.0,0.0,322.0,0.0,0.0,0.0,0.0,0.0,0.0,0.0,0.0,0.0,0.0,0.0,0.0,0.0,0.0,0.0,16188.0,0.0,0.0,0.0,0.0,0.0,0.0,0.0,102,ATATCGCGATGA,GTGTGYCAGCMGCCGCGGTAA,3309C,Leaf,11,10/18/2018,1,11.69,1.49,rdi
MV11.OWN.10-11.R,0.0,0.0,727.0,6016.0,2570.0,404.0,0.0,5921.0,12.0,1528.0,169.0,0.0,0.0,0.0,28.0,14.0,55.0,0.0,176.0,191.0,0.0,101.0,8.0,28.0,262.0,7.0,186.0,3826.0,21161.0,58.0,26.0,0.0,3316.0,4.0,0.0,0.0,111,GTCCGATCCTAG,GTGTGYCAGCMGCCGCGGTAA,OWN,Root,11,12/13/2018,5,36.63,1.75,rdi
MV11.OWN.10-11.S,7.0,0.0,1043.0,9623.0,1291.0,185.0,65.0,2313.0,0.0,1306.0,92.0,0.0,0.0,0.0,120.0,23.0,0.0,0.0,30.0,89.0,0.0,338.0,0.0,165.0,412.0,12.0,54.0,2917.0,7169.0,290.0,10.0,0.0,3491.0,128.0,22.0,0.0,112,GTGTGGCAGAAG,GTGTGYCAGCMGCCGCGGTAA,OWN,Soil,11,11/14/208,4,51.37,1.77,rdi
MV11.OWN.10.B,0.0,0.0,0.0,0.0,593.0,0.0,0.0,523.0,0.0,0.0,0.0,0.0,29.0,0.0,0.0,0.0,0.0,0.0,0.0,0.0,0.0,0.0,0.0,0.0,0.0,0.0,0.0,0.0,2269.0,0.0,0.0,0.0,0.0,0.0,0.0,0.0,109,GAGTGCTCTAAC,GTGTGYCAGCMGCCGCGGTAA,OWN,Berry,11,2/7/2019,8,17.56,1.6,rdi
MV11.OWN.10.L,0.0,0.0,0.0,0.0,798.0,0.0,0.0,1401.0,0.0,0.0,0.0,0.0,7.0,0.0,0.0,0.0,0.0,0.0,0.0,107.0,0.0,0.0,0.0,0.0,0.0,0.0,0.0,0.0,10230.0,0.0,0.0,0.0,0.0,0.0,0.0,0.0,110,GCTACTGGTATG,GTGTGYCAGCMGCCGCGGTAA,OWN,Leaf,11,10/18/2018,1,9.09,1.51,rdi
MV11.SO4.14-15.R,0.0,0.0,921.0,5685.0,941.0,369.0,16.0,6012.0,0.0,2397.0,199.0,0.0,0.0,49.0,43.0,15.0,20.0,0.0,82.0,35.0,0.0,87.0,14.0,83.0,201.0,2.0,46.0,5094.0,20797.0,233.0,59.0,0.0,4623.0,0.0,0.0,0.0,117,AAGTATCCTGCG,GTGTGYCAGCMGCCGCGGTAA,SO4,Root,11,12/13/2018,5,41.59,1.71,rdi
MV11.SO4.14-15.S,118.0,0.0,1772.0,15669.0,3399.0,258.0,104.0,3879.0,0.0,2716.0,144.0,0.0,0.0,73.0,127.0,42.0,13.0,15.0,57.0,252.0,0.0,861.0,5.0,605.0,706.0,30.0,135.0,4955.0,15444.0,716.0,30.0,0.0,6787.0,57.0,24.0,0.0,118,TGGCACTGGTTA,GTGTGYCAGCMGCCGCGGTAA,SO4,Soil,11,11/14/208,4,88.01,1.8,rdi
MV11.SO4.15.B,0.0,0.0,0.0,16.0,302.0,0.0,0.0,91.0,0.0,0.0,0.0,0.0,0.0,0.0,0.0,0.0,0.0,0.0,0.0,0.0,0.0,0.0,0.0,0.0,0.0,0.0,0.0,0.0,318.0,0.0,0.0,0.0,0.0,0.0,0.0,0.0,119,CACTGGTGCATA,GTGTGYCAGCMGCCGCGGTAA,SO4,Berry,11,2/7/2019,8,5.78,1.5,rdi
MV11.SO4.15.L,0.0,0.0,0.0,0.0,637.0,0.0,0.0,1524.0,12.0,0.0,0.0,0.0,47.0,0.0,0.0,0.0,0.0,0.0,0.0,0.0,0.0,0.0,0.0,0.0,0.0,0.0,0.0,0.0,13762.0,0.0,0.0,0.0,0.0,0.0,0.0,0.0,120,GCGCCGAATCTT,GTGTGYCAGCMGCCGCGGTAA,SO4,Leaf,11,10/18/2018,1,6.5,1.37,rdi
MV12.1103P.2-3.B,0.0,0.0,0.0,0.0,2360.0,12.0,0.0,485.0,0.0,0.0,0.0,0.0,24.0,0.0,0.0,0.0,10.0,0.0,0.0,0.0,0.0,0.0,0.0,0.0,0.0,0.0,0.0,6.0,6215.0,0.0,0.0,0.0,0.0,0.0,0.0,0.0,121,ATGGCGCGGACC,GTGTGYCAGCMGCCGCGGTAA,1103P,Berry,12,2/21/2019,15,3.07,1.85,full
MV12.1103P.2-3.L,0.0,0.0,0.0,0.0,271.0,0.0,0.0,374.0,0.0,0.0,0.0,0.0,6.0,0.0,0.0,0.0,0.0,0.0,0.0,41.0,0.0,0.0,0.0,0.0,0.0,0.0,0.0,0.0,8326.0,0.0,0.0,0.0,0.0,0.0,0.0,0.0,122,GCGGAAACATGG,GTGTGYCAGCMGCCGCGGTAA,1103P,Leaf,12,10/18/2018,1,34.06,1.33,full
MV12.1103P.2-3.R,0.0,0.0,1011.0,8239.0,3777.0,362.0,12.0,6362.0,0.0,1651.0,193.0,0.0,0.0,14.0,33.0,16.0,16.0,0.0,88.0,187.0,0.0,274.0,13.0,165.0,170.0,4.0,121.0,3875.0,24120.0,250.0,29.0,0.0,3888.0,12.0,18.0,0.0,123,GATGTGGTGTTA,GTGTGYCAGCMGCCGCGGTAA,1103P,Root,12,12/13/2018,5,49.73,1.79,full
MV12.1103P.2-3.S,0.0,0.0,1385.0,15504.0,1162.0,163.0,22.0,1629.0,27.0,2100.0,103.0,0.0,0.0,35.0,63.0,33.0,0.0,0.0,5.0,106.0,10.0,1002.0,9.0,632.0,537.0,37.0,89.0,4091.0,8573.0,787.0,12.0,0.0,3629.0,11.0,7.0,0.0,124,ATATCCTGGGAC,GTGTGYCAGCMGCCGCGGTAA,1103P,Soil,12,11/14/208,4,68.24,1.81,full
MV12.3309C.14-15.B,0.0,0.0,0.0,0.0,1337.0,0.0,0.0,262.0,0.0,0.0,0.0,0.0,5.0,0.0,0.0,0.0,0.0,0.0,0.0,0.0,0.0,0.0,0.0,0.0,0.0,0.0,0.0,0.0,3171.0,0.0,0.0,0.0,0.0,0.0,0.0,0.0,133,ACGCGCTAAATC,GTGTGYCAGCMGCCGCGGTAA,3309C,Berry,12,2/21/2019,15,3.67,1.86,full
MV12.3309C.14-15.L,0.0,0.0,0.0,0.0,286.0,0.0,0.0,187.0,0.0,0.0,0.0,0.0,0.0,0.0,0.0,0.0,0.0,0.0,0.0,0.0,0.0,0.0,0.0,0.0,0.0,0.0,0.0,0.0,7124.0,0.0,0.0,0.0,0.0,0.0,0.0,0.0,134,TCGATTGGCCGT,GTGTGYCAGCMGCCGCGGTAA,3309C,Leaf,12,10/18/2018,1,28.67,1.43,full
MV12.3309C.14-15.R,0.0,0.0,840.0,4658.0,3227.0,222.0,24.0,5893.0,0.0,1286.0,117.0,0.0,0.0,27.0,22.0,5.0,19.0,0.0,19.0,62.0,0.0,103.0,6.0,53.0,135.0,5.0,16.0,2936.0,25802.0,163.0,0.0,0.0,3500.0,3.0,0.0,0.0,135,CTACCACGGTAC,GTGTGYCAGCMGCCGCGGTAA,3309C,Root,12,12/13/2018,5,38.51,1.63,full
MV12.3309C.14-15.S,25.0,0.0,880.0,5925.0,748.0,86.0,43.0,1301.0,0.0,1880.0,27.0,0.0,0.0,35.0,55.0,0.0,0.0,7.0,17.0,30.0,5.0,682.0,9.0,317.0,275.0,25.0,31.0,2377.0,6217.0,505.0,0.0,0.0,2605.0,0.0,12.0,0.0,136,TTCACCTGTATC,GTGTGYCAGCMGCCGCGGTAA,3309C,Soil,12,11/14/208,4,136.55,1.84,full
MV12.OWN.6-7.B,0.0,0.0,0.0,0.0,580.0,8.0,0.0,43.0,0.0,0.0,0.0,0.0,36.0,0.0,0.0,0.0,0.0,0.0,0.0,0.0,0.0,0.0,0.0,0.0,0.0,0.0,0.0,0.0,1630.0,0.0,0.0,0.0,0.0,0.0,0.0,0.0,125,CGACGCCCATTC,GTGTGYCAGCMGCCGCGGTAA,OWN,Berry,12,2/21/2019,15,5.16,1.67,full
MV12.OWN.6-7.L,0.0,0.0,0.0,0.0,127.0,0.0,0.0,77.0,0.0,0.0,0.0,0.0,5.0,0.0,0.0,0.0,0.0,0.0,0.0,2.0,0.0,0.0,0.0,0.0,0.0,0.0,0.0,0.0,6850.0,0.0,0.0,0.0,0.0,0.0,0.0,0.0,126,CGTGCCGCTTAA,GTGTGYCAGCMGCCGCGGTAA,OWN,Leaf,12,10/18/2018,1,36.03,1.5,full
MV12.OWN.6-7.R,0.0,6.0,488.0,3403.0,3879.0,174.0,17.0,5249.0,18.0,1228.0,92.0,0.0,17.0,35.0,39.0,0.0,0.0,11.0,52.0,228.0,0.0,32.0,0.0,65.0,94.0,6.0,223.0,2003.0,24015.0,150.0,45.0,0.0,2707.0,0.0,2.0,0.0,127,AGCGCATATCCA,GTGTGYCAGCMGCCGCGGTAA,OWN,Root,12,12/13/2018,5,13.39,1.75,full
MV12.OWN.6-7.S,0.0,0.0,1060.0,13092.0,1289.0,122.0,50.0,1668.0,8.0,1922.0,93.0,0.0,0.0,0.0,57.0,29.0,0.0,0.0,20.0,102.0,5.0,534.0,0.0,406.0,505.0,17.0,79.0,3533.0,7210.0,889.0,22.0,0.0,2617.0,8.0,9.0,20.0,128,CTGTATGGAGCT,GTGTGYCAGCMGCCGCGGTAA,OWN,Soil,12,11/14/208,4,126.86,1.86,full
MV12.SO4.10-11.B,0.0,0.0,0.0,0.0,596.0,0.0,0.0,63.0,0.0,0.0,0.0,0.0,0.0,0.0,0.0,0.0,0.0,0.0,0.0,13.0,0.0,0.0,0.0,0.0,0.0,0.0,0.0,0.0,1994.0,0.0,0.0,0.0,0.0,0.0,0.0,0.0,129,GCCGTCTCGTAA,GTGTGYCAGCMGCCGCGGTAA,SO4,Berry,12,2/21/2019,15,5.29,1.72,full
MV12.SO4.10-11.L,0.0,0.0,0.0,0.0,92.0,0.0,0.0,70.0,0.0,0.0,0.0,0.0,0.0,0.0,0.0,0.0,0.0,0.0,0.0,0.0,0.0,0.0,0.0,0.0,0.0,0.0,0.0,0.0,2954.0,0.0,0.0,0.0,0.0,0.0,0.0,0.0,130,AGGGCCCGCTGA,GTGTGYCAGCMGCCGCGGTAA,SO4,Leaf,12,10/18/2018,1,11.01,1.3,full
MV12.SO4.10-11.R,30.0,5.0,2057.0,8890.0,2840.0,425.0,34.0,12892.0,40.0,1448.0,61.0,0.0,0.0,660.0,125.0,24.0,19.0,0.0,269.0,286.0,0.0,454.0,24.0,224.0,517.0,7.0,124.0,3241.0,57606.0,495.0,107.0,0.0,8856.0,4.0,0.0,0.0,131,TCAGATACCAGC,GTGTGYCAGCMGCCGCGGTAA,SO4,Root,12,12/13/2018,5,28.79,1.47,full
MV12.SO4.10-11.S,19.0,0.0,1579.0,14715.0,3235.0,230.0,40.0,1771.0,8.0,2973.0,142.0,0.0,0.0,88.0,88.0,33.0,0.0,13.0,30.0,449.0,7.0,879.0,12.0,518.0,581.0,22.0,69.0,4416.0,9937.0,1117.0,19.0,0.0,4711.0,18.0,17.0,6.0,132,GTAATAATGCCG,GTGTGYCAGCMGCCGCGGTAA,SO4,Soil,12,11/14/208,4,97.1,1.81,full
MV13.1103P.10-11.B,0.0,0.0,0.0,0.0,3521.0,0.0,0.0,1418.0,0.0,0.0,0.0,0.0,0.0,0.0,0.0,0.0,0.0,0.0,0.0,145.0,0.0,0.0,0.0,0.0,0.0,0.0,0.0,0.0,15516.0,0.0,0.0,16.0,0.0,0.0,0.0,0.0,145,GGTAAAGGGTCG,GTGTGYCAGCMGCCGCGGTAA,1103P,Berry,13,2/18/2019,13,12.02,1.61,none
MV13.1103P.10-11.L,0.0,0.0,0.0,0.0,493.0,0.0,0.0,371.0,0.0,0.0,0.0,0.0,5.0,0.0,0.0,0.0,0.0,0.0,0.0,0.0,0.0,0.0,0.0,0.0,0.0,0.0,0.0,0.0,11197.0,0.0,0.0,100.0,0.0,0.0,0.0,0.0,146,GTCGAATTTGCG,GTGTGYCAGCMGCCGCGGTAA,1103P,Leaf,13,10/18/2018,1,9.14,1.34,none
MV13.1103P.10-11.R,0.0,0.0,265.0,5232.0,4832.0,217.0,0.0,4482.0,21.0,1583.0,144.0,0.0,0.0,0.0,5.0,0.0,12.0,0.0,30.0,0.0,0.0,58.0,0.0,35.0,36.0,0.0,70.0,2307.0,35585.0,53.0,52.0,0.0,4101.0,0.0,0.0,0.0,147,CTACGAAAGCCT,GTGTGYCAGCMGCCGCGGTAA,1103P,Root,13,12/13/2018,5,24.94,1.51,none
MV13.1103P.10-11.S,0.0,3.0,1636.0,18372.0,1661.0,250.0,51.0,2594.0,22.0,2572.0,185.0,0.0,0.0,62.0,122.0,21.0,17.0,14.0,40.0,217.0,0.0,1341.0,23.0,408.0,820.0,27.0,192.0,5197.0,12308.0,845.0,30.0,0.0,7309.0,41.0,36.0,5.0,148,TCAAGGGACCTT,GTGTGYCAGCMGCCGCGGTAA,1103P,Soil,13,11/14/208,4,49.14,1.77,none
MV13.3309C.6-7.B,0.0,0.0,0.0,14.0,6419.0,16.0,0.0,969.0,0.0,0.0,0.0,0.0,23.0,0.0,0.0,0.0,17.0,0.0,0.0,0.0,0.0,0.0,0.0,0.0,0.0,0.0,0.0,0.0,9141.0,0.0,0.0,0.0,4.0,0.0,0.0,0.0,141,TCTTGTTTCTGG,GTGTGYCAGCMGCCGCGGTAA,3309C,Berry,13,2/21/2019,15,4.04,1.79,none
MV13.3309C.6-7.L,0.0,0.0,12.0,64.0,194.0,5.0,0.0,264.0,0.0,7.0,0.0,0.0,10.0,0.0,0.0,0.0,0.0,0.0,0.0,3.0,0.0,0.0,0.0,0.0,4.0,0.0,0.0,0.0,6183.0,0.0,0.0,0.0,16.0,0.0,0.0,0.0,142,TTGGGAGCGAAG,GTGTGYCAGCMGCCGCGGTAA,3309C,Leaf,13,10/18/2018,1,9.03,1.44,none
MV13.3309C.6-7.R,0.0,2.0,1174.0,8142.0,5312.0,839.0,25.0,10392.0,33.0,2203.0,336.0,0.0,0.0,15.0,33.0,10.0,46.0,0.0,167.0,93.0,0.0,189.0,0.0,74.0,350.0,11.0,175.0,4980.0,43290.0,223.0,27.0,0.0,7958.0,0.0,0.0,0.0,143,AATATACTCAAT,GTGTGYCAGCMGCCGCGGTAA,3309C,Root,13,12/13/2018,5,19.2,1.63,none
MV13.3309C.6-7.S,17.0,19.0,2130.0,17471.0,1904.0,291.0,84.0,2759.0,17.0,2296.0,123.0,0.0,0.0,33.0,216.0,28.0,12.0,0.0,31.0,152.0,0.0,1255.0,6.0,437.0,751.0,5.0,154.0,4785.0,12377.0,774.0,3.0,0.0,6142.0,57.0,11.0,5.0,144,ATTTGTGGGTAG,GTGTGYCAGCMGCCGCGGTAA,3309C,Soil,13,11/14/208,4,95.54,1.79,none
MV13.OWN.14-15.B,0.0,0.0,0.0,0.0,2489.0,159.0,0.0,670.0,0.0,0.0,0.0,0.0,502.0,0.0,0.0,0.0,0.0,0.0,0.0,0.0,0.0,0.0,0.0,0.0,0.0,0.0,0.0,0.0,6809.0,0.0,0.0,0.0,0.0,0.0,0.0,0.0,149,CAGTAAATCGCA,GTGTGYCAGCMGCCGCGGTAA,OWN,Berry,13,2/18/2019,13,7.56,1.55,none
MV13.OWN.14-15.L,0.0,0.0,0.0,0.0,928.0,0.0,0.0,1738.0,0.0,0.0,0.0,0.0,65.0,0.0,0.0,0.0,11.0,0.0,0.0,15.0,0.0,0.0,0.0,0.0,0.0,0.0,0.0,0.0,22673.0,0.0,0.0,0.0,0.0,0.0,0.0,0.0,150,CTCTACGAACAG,GTGTGYCAGCMGCCGCGGTAA,OWN,Leaf,13,10/18/2018,1,8.6,1.24,none
MV13.OWN.14-15.R,0.0,0.0,340.0,3426.0,2630.0,215.0,0.0,4285.0,0.0,1059.0,202.0,0.0,0.0,34.0,5.0,0.0,16.0,0.0,40.0,22.0,0.0,67.0,0.0,24.0,83.0,11.0,54.0,2690.0,28853.0,46.0,22.0,0.0,3950.0,0.0,0.0,0.0,151,GACGGAACAGAC,GTGTGYCAGCMGCCGCGGTAA,OWN,Root,13,12/13/2018,5,40.77,1.66,none
MV13.OWN.14-15.S,23.0,12.0,878.0,12089.0,908.0,155.0,24.0,1372.0,6.0,2131.0,61.0,0.0,0.0,3.0,100.0,22.0,0.0,0.0,23.0,76.0,4.0,679.0,18.0,351.0,480.0,29.0,78.0,3653.0,7279.0,551.0,0.0,0.0,3245.0,10.0,9.0,0.0,152,ACTCCGATAGAC,GTGTGYCAGCMGCCGCGGTAA,OWN,Soil,13,11/14/208,4,49.89,1.8,none
MV13.SO4.2-3.B,0.0,0.0,0.0,0.0,1585.0,11.0,0.0,273.0,0.0,0.0,0.0,0.0,0.0,0.0,0.0,0.0,0.0,0.0,0.0,298.0,0.0,0.0,0.0,0.0,0.0,0.0,0.0,0.0,7276.0,0.0,0.0,0.0,0.0,0.0,0.0,0.0,137,CCTTACCTCCTC,GTGTGYCAGCMGCCGCGGTAA,SO4,Berry,13,2/21/2019,15,5.73,1.54,none
MV13.SO4.2-3.L,0.0,0.0,0.0,0.0,117.0,0.0,0.0,114.0,0.0,0.0,0.0,0.0,0.0,0.0,0.0,0.0,0.0,0.0,0.0,0.0,0.0,0.0,0.0,0.0,0.0,0.0,0.0,0.0,2479.0,0.0,0.0,0.0,0.0,0.0,0.0,0.0,138,TCGCCGTGTACA,GTGTGYCAGCMGCCGCGGTAA,SO4,Leaf,13,10/18/2018,1,8.09,1.35,none
MV13.SO4.2-3.R,0.0,0.0,344.0,5894.0,3630.0,397.0,8.0,5459.0,71.0,3078.0,73.0,0.0,0.0,18.0,43.0,8.0,3.0,0.0,52.0,0.0,0.0,114.0,20.0,71.0,148.0,0.0,62.0,3053.0,30352.0,169.0,37.0,0.0,4293.0,0.0,0.0,0.0,139,GTTTCTTGTTGC,GTGTGYCAGCMGCCGCGGTAA,SO4,Root,13,12/13/2018,5,28.46,1.45,none
MV13.SO4.2-3.S,9.0,12.0,1372.0,18648.0,1083.0,160.0,17.0,1838.0,0.0,2215.0,91.0,0.0,0.0,50.0,43.0,0.0,0.0,15.0,36.0,102.0,15.0,704.0,14.0,943.0,665.0,56.0,121.0,3941.0,8568.0,1254.0,0.0,0.0,3391.0,15.0,22.0,6.0,140,CGTAGGTAGAGG,GTGTGYCAGCMGCCGCGGTAA,SO4,Soil,13,11/14/208,4,108.06,1.81,none
MV14.1103P.14-15.B,0.0,0.0,0.0,0.0,289.0,0.0,0.0,0.0,0.0,0.0,0.0,0.0,0.0,0.0,0.0,0.0,0.0,0.0,0.0,18.0,0.0,0.0,0.0,0.0,0.0,0.0,0.0,0.0,2518.0,0.0,0.0,0.0,0.0,0.0,0.0,0.0,165,TGAAGATATCAG,GTGTGYCAGCMGCCGCGGTAA,1103P,Berry,14,2/18/2019,13,18.61,1.54,rdi
MV14.1103P.14-15.L,0.0,0.0,0.0,24.0,130.0,0.0,0.0,144.0,0.0,0.0,0.0,0.0,0.0,0.0,0.0,0.0,0.0,0.0,0.0,0.0,0.0,0.0,0.0,0.0,0.0,0.0,0.0,0.0,5325.0,0.0,0.0,0.0,0.0,0.0,0.0,0.0,166,GATATGAACTGC,GTGTGYCAGCMGCCGCGGTAA,1103P,Leaf,14,10/23/2018,2,16.75,1.35,rdi
MV14.1103P.14-15.R,0.0,2.0,804.0,3426.0,3127.0,585.0,32.0,14021.0,43.0,1681.0,65.0,0.0,0.0,36.0,78.0,0.0,15.0,0.0,103.0,69.0,0.0,231.0,0.0,34.0,306.0,19.0,321.0,4318.0,43353.0,139.0,52.0,0.0,7810.0,0.0,23.0,0.0,167,ACACTGGTCCTG,GTGTGYCAGCMGCCGCGGTAA,1103P,Root,14,12/20/2018,6,21.2,1.54,rdi
MV14.1103P.14-15.S,11.0,6.0,895.0,10887.0,999.0,180.0,35.0,2046.0,0.0,1875.0,66.0,0.0,0.0,30.0,137.0,31.0,7.0,8.0,8.0,73.0,0.0,642.0,0.0,303.0,443.0,17.0,74.0,3182.0,9336.0,551.0,12.0,0.0,2751.0,17.0,19.0,12.0,168,TCCCAACCTAGG,GTGTGYCAGCMGCCGCGGTAA,1103P,Soil,14,11/14/208,4,147.17,1.82,rdi
MV14.3309C.2-3.B,0.0,0.0,0.0,0.0,1978.0,4.0,0.0,162.0,0.0,0.0,0.0,0.0,18.0,0.0,0.0,0.0,4.0,0.0,0.0,0.0,0.0,0.0,0.0,0.0,0.0,0.0,0.0,0.0,2622.0,0.0,0.0,0.0,0.0,0.0,0.0,0.0,153,GTTCAGACTAGC,GTGTGYCAGCMGCCGCGGTAA,3309C,Berry,14,2/18/2019,13,16.5,1.5,rdi
MV14.3309C.2-3.L,0.0,0.0,0.0,0.0,158.0,0.0,0.0,159.0,0.0,0.0,0.0,0.0,0.0,0.0,0.0,0.0,0.0,0.0,0.0,0.0,0.0,0.0,0.0,0.0,0.0,0.0,0.0,0.0,3701.0,0.0,0.0,0.0,0.0,0.0,0.0,0.0,154,GGACAGTGTATT,GTGTGYCAGCMGCCGCGGTAA,3309C,Leaf,14,10/23/2018,2,47.02,1.53,rdi
MV14.3309C.2-3.R,17.0,6.0,1603.0,11057.0,4389.0,364.0,42.0,10993.0,14.0,2674.0,265.0,0.0,0.0,5.0,205.0,0.0,20.0,0.0,156.0,308.0,8.0,488.0,15.0,293.0,705.0,59.0,132.0,6908.0,34948.0,387.0,83.0,0.0,6310.0,0.0,23.0,0.0,155,GGATATGATACA,GTGTGYCAGCMGCCGCGGTAA,3309C,Root,14,12/20/2018,6,20.3,1.47,rdi
MV14.3309C.2-3.S,55.0,24.0,1292.0,19515.0,1848.0,240.0,36.0,2503.0,7.0,3077.0,64.0,0.0,0.0,44.0,146.0,35.0,0.0,4.0,27.0,166.0,10.0,1146.0,23.0,557.0,816.0,29.0,88.0,5724.0,12183.0,1332.0,5.0,0.0,2385.0,20.0,37.0,11.0,156,AGACCAAATATG,GTGTGYCAGCMGCCGCGGTAA,3309C,Soil,14,11/14/208,4,75.14,1.82,rdi
MV14.OWN.10-11.B,0.0,0.0,0.0,0.0,839.0,5.0,0.0,447.0,5.0,0.0,0.0,0.0,10.0,0.0,0.0,0.0,0.0,0.0,0.0,0.0,0.0,0.0,0.0,0.0,0.0,0.0,0.0,0.0,4765.0,0.0,0.0,0.0,0.0,0.0,0.0,0.0,161,ATCAGTACTAGG,GTGTGYCAGCMGCCGCGGTAA,OWN,Berry,14,2/18/2019,13,10.31,1.56,rdi
MV14.OWN.10-11.L,0.0,0.0,0.0,0.0,147.0,0.0,0.0,278.0,0.0,0.0,0.0,0.0,0.0,0.0,0.0,0.0,0.0,0.0,0.0,0.0,0.0,0.0,0.0,0.0,0.0,0.0,0.0,0.0,5360.0,0.0,0.0,0.0,0.0,0.0,0.0,0.0,162,TGAAATGTCCCG,GTGTGYCAGCMGCCGCGGTAA,OWN,Leaf,14,10/23/2018,2,29.23,1.33,rdi
MV14.OWN.10-11.R,0.0,0.0,295.0,1512.0,2002.0,401.0,9.0,23118.0,0.0,248.0,97.0,0.0,0.0,0.0,6.0,5.0,18.0,0.0,14.0,26.0,0.0,40.0,0.0,18.0,125.0,0.0,82.0,1329.0,23398.0,27.0,0.0,0.0,3254.0,0.0,0.0,0.0,163,AGAATTACAACG,GTGTGYCAGCMGCCGCGGTAA,OWN,Root,14,12/20/2018,6,53.87,2.09,rdi
MV14.OWN.10-11.S,6.0,27.0,1185.0,5556.0,974.0,178.0,9.0,934.0,0.0,1998.0,85.0,10.0,0.0,23.0,61.0,0.0,0.0,4.0,17.0,21.0,0.0,629.0,6.0,384.0,133.0,9.0,38.0,3277.0,7326.0,715.0,0.0,0.0,1924.0,0.0,15.0,0.0,164,TGCCAGACCACT,GTGTGYCAGCMGCCGCGGTAA,OWN,Soil,14,11/14/208,4,178.67,1.88,rdi
MV14.SO4.6-7.B,0.0,0.0,4.0,94.0,890.0,0.0,0.0,96.0,0.0,26.0,0.0,0.0,70.0,0.0,0.0,0.0,0.0,0.0,0.0,0.0,0.0,4.0,0.0,3.0,0.0,0.0,0.0,23.0,3329.0,9.0,0.0,0.0,31.0,0.0,0.0,0.0,157,AGACGTTGCTAC,GTGTGYCAGCMGCCGCGGTAA,SO4,Berry,14,01/15/19,16,4.12,2.36,rdi
MV14.SO4.6-7.L,0.0,0.0,0.0,0.0,503.0,4.0,0.0,1255.0,0.0,0.0,0.0,0.0,119.0,0.0,0.0,0.0,0.0,0.0,0.0,0.0,0.0,0.0,0.0,0.0,0.0,0.0,0.0,0.0,18374.0,0.0,0.0,0.0,0.0,0.0,0.0,0.0,158,TGGTAGTCTGAA,GTGTGYCAGCMGCCGCGGTAA,SO4,Leaf,14,10/23/2018,2,13.23,1.42,rdi
MV14.SO4.6-7.R,0.0,0.0,805.0,5384.0,4668.0,397.0,26.0,5221.0,0.0,3369.0,193.0,0.0,0.0,37.0,32.0,16.0,8.0,0.0,26.0,71.0,0.0,85.0,0.0,114.0,189.0,6.0,167.0,4828.0,30517.0,166.0,34.0,0.0,3386.0,12.0,0.0,0.0,159,CATATGTAAATT,GTGTGYCAGCMGCCGCGGTAA,SO4,Root,14,12/20/2018,6,39.47,1.48,rdi
MV14.SO4.6-7.S,16.0,30.0,1018.0,13564.0,942.0,153.0,28.0,1662.0,9.0,2950.0,75.0,0.0,0.0,17.0,101.0,29.0,0.0,16.0,0.0,132.0,7.0,736.0,10.0,723.0,603.0,34.0,180.0,3400.0,8471.0,926.0,36.0,0.0,3029.0,96.0,0.0,49.0,160,GGCCAGTTCCTA,GTGTGYCAGCMGCCGCGGTAA,SO4,Soil,14,11/14/208,4,137.12,1.84,rdi
MV15.1103P.10-11.B,0.0,0.0,0.0,0.0,424.0,0.0,0.0,219.0,0.0,0.0,0.0,0.0,0.0,0.0,0.0,0.0,0.0,0.0,0.0,2.0,0.0,0.0,0.0,0.0,0.0,0.0,0.0,0.0,1118.0,0.0,0.0,0.0,0.0,0.0,0.0,0.0,177,CGCGAAGTTTCA,GTGTGYCAGCMGCCGCGGTAA,1103P,Berry,15,2/11/2019,9,6.44,1.56,none
MV15.1103P.10-11.L,0.0,0.0,0.0,0.0,196.0,0.0,0.0,498.0,0.0,0.0,0.0,0.0,16.0,0.0,0.0,0.0,0.0,0.0,0.0,6.0,0.0,0.0,0.0,0.0,0.0,0.0,0.0,0.0,7688.0,0.0,0.0,0.0,0.0,0.0,0.0,0.0,178,TGAGAGTCCCTC,GTGTGYCAGCMGCCGCGGTAA,1103P,Leaf,15,10/18/2018,1,11.09,1.37,none
MV15.1103P.10-11.R,18.0,0.0,896.0,7262.0,1888.0,493.0,149.0,6893.0,4.0,2167.0,379.0,0.0,0.0,43.0,72.0,8.0,0.0,0.0,106.0,92.0,0.0,194.0,15.0,54.0,284.0,37.0,157.0,4889.0,24275.0,71.0,35.0,0.0,4957.0,67.0,0.0,0.0,179,GTGTGTGCCATA,GTGTGYCAGCMGCCGCGGTAA,1103P,Root,15,12/20/2018,6,23.39,2.15,none
MV15.1103P.10-11.S,120.0,3.0,2109.0,12171.0,1431.0,187.0,58.0,1259.0,20.0,3317.0,104.0,7.0,0.0,0.0,146.0,23.0,0.0,0.0,23.0,118.0,10.0,1250.0,17.0,367.0,430.0,60.0,198.0,5582.0,10883.0,857.0,2.0,0.0,2123.0,150.0,4.0,0.0,180,TGCTGCTCAACG,GTGTGYCAGCMGCCGCGGTAA,1103P,Soil,15,11/14/208,4,120.77,1.9,none
MV15.3309C.6-7.B,0.0,0.0,0.0,0.0,1564.0,27.0,0.0,684.0,0.0,0.0,0.0,0.0,2.0,0.0,0.0,0.0,9.0,0.0,0.0,0.0,0.0,0.0,0.0,0.0,0.0,0.0,0.0,0.0,1895.0,0.0,0.0,0.0,5.0,0.0,0.0,0.0,173,TTCAAAGGATGA,GTGTGYCAGCMGCCGCGGTAA,3309C,Berry,15,2/12/2019,10,27.13,1.47,none
MV15.3309C.6-7.L,0.0,0.0,0.0,0.0,583.0,0.0,0.0,1184.0,0.0,0.0,0.0,0.0,16.0,0.0,0.0,0.0,0.0,0.0,0.0,8.0,0.0,0.0,0.0,0.0,0.0,0.0,0.0,0.0,19239.0,0.0,0.0,0.0,0.0,0.0,0.0,0.0,174,CCTGCTTCCTTC,GTGTGYCAGCMGCCGCGGTAA,3309C,Leaf,15,10/18/2018,1,6.79,1.38,none
MV15.3309C.6-7.R,0.0,0.0,776.0,3931.0,3396.0,302.0,21.0,4559.0,35.0,797.0,144.0,0.0,0.0,54.0,34.0,0.0,14.0,0.0,35.0,44.0,0.0,133.0,0.0,18.0,146.0,37.0,2.0,1886.0,18912.0,36.0,0.0,0.0,4155.0,23.0,0.0,0.0,175,TCTTCTGCCCTA,GTGTGYCAGCMGCCGCGGTAA,3309C,Root,15,12/20/2018,6,30.94,1.63,none
MV15.3309C.6-7.S,0.0,13.0,1520.0,11803.0,1263.0,114.0,29.0,1650.0,21.0,1493.0,54.0,0.0,0.0,16.0,48.0,29.0,15.0,7.0,0.0,125.0,3.0,711.0,11.0,175.0,426.0,33.0,49.0,3697.0,8034.0,329.0,0.0,0.0,2367.0,498.0,21.0,0.0,176,GTGAGTCATACC,GTGTGYCAGCMGCCGCGGTAA,3309C,Soil,15,11/14/208,4,76.12,1.86,none
MV15.OWN.2-3.B,0.0,0.0,0.0,0.0,1019.0,0.0,0.0,169.0,0.0,6.0,0.0,0.0,0.0,0.0,0.0,0.0,0.0,0.0,0.0,0.0,0.0,0.0,0.0,0.0,0.0,0.0,0.0,0.0,6988.0,0.0,0.0,0.0,0.0,0.0,0.0,0.0,169,GGCTGTCGCAGG,GTGTGYCAGCMGCCGCGGTAA,OWN,Berry,15,2/11/2019,9,9.36,1.54,none
MV15.OWN.2-3.L,0.0,0.0,0.0,0.0,656.0,0.0,0.0,742.0,0.0,0.0,0.0,0.0,51.0,0.0,0.0,0.0,0.0,0.0,0.0,15.0,0.0,0.0,0.0,0.0,0.0,0.0,0.0,5.0,19801.0,0.0,0.0,0.0,0.0,0.0,0.0,0.0,170,GAATAGTAGTCA,GTGTGYCAGCMGCCGCGGTAA,OWN,Leaf,15,10/18/2018,1,15.36,1.38,none
MV15.OWN.2-3.R,0.0,0.0,828.0,8151.0,3963.0,561.0,30.0,8351.0,16.0,1398.0,341.0,0.0,0.0,19.0,179.0,0.0,8.0,0.0,84.0,71.0,0.0,191.0,0.0,47.0,298.0,0.0,361.0,4516.0,31236.0,193.0,20.0,0.0,6323.0,0.0,0.0,0.0,171,GATAAGCGCCTT,GTGTGYCAGCMGCCGCGGTAA,OWN,Root,15,12/20/2018,6,26.83,1.53,none
MV15.OWN.2-3.S,0.0,5.0,1559.0,15714.0,1194.0,179.0,0.0,1386.0,0.0,1779.0,83.0,0.0,0.0,31.0,137.0,18.0,0.0,0.0,18.0,94.0,13.0,783.0,8.0,527.0,595.0,17.0,45.0,3443.0,8464.0,965.0,0.0,0.0,2518.0,30.0,0.0,0.0,172,CGATGTGTGGTT,GTGTGYCAGCMGCCGCGGTAA,OWN,Soil,15,11/14/208,4,80.2,1.86,none
MV15.SO4.14-15.B,0.0,0.0,0.0,0.0,696.0,5.0,0.0,313.0,0.0,0.0,0.0,0.0,9.0,0.0,0.0,0.0,0.0,0.0,0.0,0.0,0.0,0.0,0.0,0.0,0.0,0.0,0.0,0.0,2159.0,0.0,0.0,0.0,9.0,0.0,0.0,0.0,181,GGAGGCCATAAG,GTGTGYCAGCMGCCGCGGTAA,SO4,Berry,15,2/11/2019,9,13.29,1.56,none
MV15.SO4.14-15.L,0.0,0.0,0.0,0.0,655.0,0.0,0.0,1242.0,6.0,0.0,0.0,0.0,57.0,0.0,0.0,0.0,3.0,0.0,0.0,0.0,0.0,0.0,0.0,0.0,0.0,0.0,0.0,0.0,16758.0,0.0,0.0,0.0,0.0,0.0,0.0,0.0,182,GTTAGATCTATT,GTGTGYCAGCMGCCGCGGTAA,SO4,Leaf,15,10/18/2018,1,23.27,1.34,none
MV15.SO4.14-15.R,0.0,0.0,698.0,4643.0,1890.0,439.0,16.0,6793.0,18.0,2181.0,198.0,0.0,0.0,75.0,46.0,9.0,11.0,0.0,207.0,30.0,0.0,34.0,12.0,17.0,136.0,0.0,120.0,4915.0,36907.0,120.0,39.0,0.0,6523.0,0.0,0.0,0.0,183,CTTACGAGTAGA,GTGTGYCAGCMGCCGCGGTAA,SO4,Root,15,12/13/2018,5,40.2,1.51,none
MV15.SO4.14-15.S,35.0,12.0,1388.0,13668.0,1401.0,263.0,39.0,1481.0,0.0,3257.0,96.0,0.0,0.0,78.0,132.0,20.0,0.0,9.0,27.0,103.0,6.0,1134.0,12.0,387.0,581.0,34.0,72.0,3821.0,8854.0,860.0,0.0,0.0,3286.0,55.0,21.0,10.0,184,AGTACAACTGAA,GTGTGYCAGCMGCCGCGGTAA,SO4,Soil,15,11/14/208,4,96.79,1.78,none
MV16.1103P.2-3.B,0.0,0.0,18.0,0.0,3394.0,0.0,0.0,466.0,0.0,0.0,0.0,0.0,82.0,0.0,0.0,0.0,15.0,0.0,0.0,8.0,0.0,0.0,0.0,0.0,0.0,0.0,0.0,0.0,4839.0,0.0,0.0,0.0,0.0,0.0,0.0,0.0,185,GTCCAAAGCGTT,GTGTGYCAGCMGCCGCGGTAA,1103P,Berry,16,2/11/2019,9,4.8,1.34,full
MV16.1103P.2-3.L,0.0,0.0,0.0,0.0,485.0,0.0,0.0,939.0,0.0,0.0,0.0,0.0,35.0,0.0,0.0,0.0,0.0,0.0,0.0,4.0,0.0,0.0,0.0,0.0,0.0,0.0,0.0,0.0,11273.0,0.0,0.0,0.0,0.0,0.0,0.0,0.0,186,ATTGAGTGAGTC,GTGTGYCAGCMGCCGCGGTAA,1103P,Leaf,16,10/18/2018,1,21.44,1.3,full
MV16.1103P.2-3.R,0.0,10.0,802.0,5074.0,2579.0,354.0,20.0,4132.0,0.0,1168.0,154.0,0.0,0.0,19.0,44.0,0.0,0.0,0.0,71.0,61.0,0.0,26.0,7.0,53.0,160.0,0.0,122.0,3264.0,19084.0,124.0,39.0,0.0,3170.0,9.0,7.0,0.0,187,TCGGTCCATAGC,GTGTGYCAGCMGCCGCGGTAA,1103P,Root,16,12/20/2018,6,17.26,1.38,full
MV16.1103P.2-3.S,6.0,0.0,1322.0,17006.0,1253.0,195.0,16.0,1997.0,0.0,2771.0,90.0,0.0,0.0,11.0,136.0,0.0,0.0,6.0,16.0,123.0,0.0,835.0,22.0,603.0,582.0,95.0,70.0,4329.0,10084.0,1558.0,17.0,0.0,3369.0,7.0,28.0,9.0,188,CCTCCAGACGTC,GTGTGYCAGCMGCCGCGGTAA,1103P,Soil,16,11/14/208,4,66.62,1.77,full
MV16.3309C.14-15.B,0.0,0.0,0.0,0.0,561.0,0.0,0.0,19.0,0.0,0.0,0.0,0.0,18.0,0.0,0.0,0.0,0.0,0.0,0.0,312.0,0.0,0.0,0.0,0.0,0.0,0.0,0.0,0.0,1062.0,0.0,0.0,0.0,0.0,0.0,0.0,0.0,197,AAGTGAAGCGAG,GTGTGYCAGCMGCCGCGGTAA,3309C,Berry,16,2/11/2019,9,10.8,1.44,full
MV16.3309C.14-15.L,0.0,0.0,0.0,0.0,278.0,0.0,0.0,679.0,0.0,0.0,0.0,0.0,6.0,0.0,0.0,0.0,0.0,0.0,0.0,0.0,0.0,0.0,0.0,0.0,0.0,0.0,0.0,0.0,10761.0,0.0,0.0,0.0,0.0,0.0,0.0,0.0,198,GACCTCGACCTC,GTGTGYCAGCMGCCGCGGTAA,3309C,Leaf,16,10/18/2018,1,16.3,1.35,full
MV16.3309C.14-15.R,14.0,6.0,1722.0,13764.0,3356.0,637.0,75.0,19810.0,21.0,2642.0,571.0,0.0,0.0,217.0,60.0,0.0,33.0,0.0,628.0,195.0,0.0,686.0,19.0,88.0,748.0,5.0,292.0,6434.0,59462.0,237.0,160.0,0.0,11890.0,51.0,3.0,0.0,199,GCGGATGCGGAT,GTGTGYCAGCMGCCGCGGTAA,3309C,Root,16,12/20/2018,6,23.37,2.56,full
MV16.3309C.14-15.S,217.0,33.0,2452.0,28104.0,3006.0,444.0,76.0,5104.0,14.0,6612.0,193.0,0.0,0.0,224.0,274.0,30.0,18.0,9.0,40.0,308.0,0.0,2445.0,37.0,654.0,1246.0,55.0,254.0,8959.0,23216.0,1251.0,32.0,0.0,8416.0,61.0,22.0,0.0,200,ACAGCATAGCTC,GTGTGYCAGCMGCCGCGGTAA,3309C,Soil,16,11/14/208,4,60.02,1.83,full
MV16.OWN.6-7.B,0.0,0.0,0.0,0.0,97.0,2.0,0.0,124.0,0.0,0.0,0.0,0.0,0.0,0.0,0.0,0.0,0.0,0.0,0.0,84.0,0.0,0.0,0.0,0.0,0.0,0.0,0.0,0.0,323.0,0.0,0.0,0.0,0.0,0.0,0.0,0.0,189,ACGCTGTCGGTT,GTGTGYCAGCMGCCGCGGTAA,OWN,Berry,16,2/11/2019,9,4.34,1.26,full
MV16.OWN.6-7.L,0.0,0.0,0.0,0.0,411.0,0.0,0.0,242.0,0.0,0.0,0.0,0.0,0.0,0.0,0.0,0.0,0.0,0.0,0.0,0.0,0.0,0.0,0.0,0.0,0.0,0.0,0.0,0.0,14760.0,0.0,0.0,0.0,2.0,0.0,0.0,0.0,190,TAGCTCACAGCA,GTGTGYCAGCMGCCGCGGTAA,OWN,Leaf,16,10/18/2018,1,13.67,1.34,full
MV16.OWN.6-7.R,17.0,0.0,1077.0,6324.0,7217.0,513.0,0.0,13831.0,89.0,1873.0,225.0,0.0,0.0,17.0,54.0,12.0,17.0,0.0,144.0,79.0,0.0,308.0,12.0,94.0,329.0,14.0,322.0,3453.0,42537.0,347.0,76.0,0.0,8652.0,10.0,5.0,0.0,191,TTACTAGTTAAC,GTGTGYCAGCMGCCGCGGTAA,OWN,Root,16,12/20/2018,6,9.94,1.4,full
MV16.OWN.6-7.S,45.0,15.0,2270.0,21644.0,1847.0,354.0,79.0,3286.0,33.0,3236.0,118.0,0.0,0.0,64.0,295.0,0.0,15.0,0.0,29.0,192.0,0.0,1547.0,0.0,743.0,965.0,174.0,81.0,6175.0,15411.0,1427.0,21.0,0.0,6718.0,0.0,17.0,0.0,192,AGTTCATACGGC,GTGTGYCAGCMGCCGCGGTAA,OWN,Soil,16,11/14/208,4,134.84,1.84,full
MV16.SO4.10-11.B,0.0,0.0,0.0,0.0,598.0,0.0,0.0,137.0,0.0,0.0,0.0,0.0,0.0,0.0,0.0,0.0,0.0,0.0,0.0,0.0,0.0,0.0,0.0,0.0,0.0,0.0,0.0,5.0,4306.0,0.0,0.0,0.0,0.0,0.0,0.0,0.0,193,ACAGAACCGGCG,GTGTGYCAGCMGCCGCGGTAA,SO4,Berry,16,2/12/2019,10,16.4,1.45,full
MV16.SO4.10-11.L,0.0,0.0,0.0,0.0,240.0,0.0,0.0,212.0,0.0,0.0,0.0,0.0,5.0,0.0,0.0,0.0,0.0,0.0,0.0,12.0,0.0,0.0,0.0,0.0,0.0,0.0,0.0,0.0,6412.0,0.0,0.0,0.0,0.0,0.0,0.0,0.0,194,CTTCCTGCCAGG,GTGTGYCAGCMGCCGCGGTAA,SO4,Leaf,16,10/18/2018,1,4.68,1.36,full
MV16.SO4.10-11.R,0.0,17.0,1952.0,8233.0,1432.0,327.0,36.0,6351.0,38.0,2869.0,377.0,5.0,0.0,57.0,32.0,17.0,0.0,17.0,83.0,47.0,0.0,349.0,15.0,230.0,613.0,33.0,207.0,4100.0,22284.0,391.0,90.0,0.0,3704.0,19.0,0.0,23.0,195,AACAGGTCTCTG,GTGTGYCAGCMGCCGCGGTAA,SO4,Root,16,12/20/2018,6,17.66,1.6,full
MV16.SO4.10-11.S,0.0,0.0,1319.0,13234.0,1409.0,220.0,59.0,1864.0,7.0,3410.0,123.0,0.0,0.0,60.0,78.0,27.0,5.0,22.0,16.0,172.0,16.0,705.0,12.0,524.0,702.0,32.0,156.0,4406.0,9056.0,874.0,12.0,0.0,2811.0,9.0,10.0,0.0,196,GAGCTAAGTTAC,GTGTGYCAGCMGCCGCGGTAA,SO4,Soil,16,11/14/208,4,100.83,1.8,full
